symbol	date	open	high	low	close	adjusted_close	volume	change_percent
FPT	2021-10-11	99.0	99.3	98.3	99.2	49.82	2295500	0.3
FPT	2021-10-12	99.2	99.2	98.5	99.0	49.72	1125300	-0.2
FPT	2021-10-13	99.0	101.5	98.5	99.4	49.92	3232500	0.4
FPT	2021-10-14	99.4	100.0	98.4	98.8	49.62	1824200	-0.6
FPT	2021-10-15	99.4	100.1	98.4	98.9	49.67	1702500	0.1
FPT	2021-10-18	99.0	100.0	98.6	99.0	49.72	2264100	0.1
FPT	2021-10-19	99.0	99.5	98.6	98.6	49.52	1534300	-0.4
FPT	2021-10-20	98.7	99.5	96.6	97.6	49.01	2248600	-1.01
FPT	2021-10-21	98.4	98.5	96.7	96.7	48.56	2283600	-0.92
FPT	2021-10-22	97.0	97.4	96.1	96.2	48.31	2023400	-0.52
FPT	2021-10-25	96.2	96.2	94.9	94.9	47.66	2938500	-1.35
FPT	2021-10-26	95.0	96.9	94.3	96.9	48.66	1855700	2.11
FPT	2021-10-27	96.8	98.2	96.5	98.2	49.31	2326700	1.34
FPT	2021-10-28	98.2	98.4	97.2	98.0	49.21	1644700	-0.2
FPT	2021-10-29	98.0	98.0	96.9	96.9	48.66	2382700	-1.12
FPT	2021-11-01	97.4	97.4	95.6	95.8	48.11	2855800	-1.14
FPT	2021-11-02	95.5	97.0	95.5	96.1	48.26	2109100	0.31
FPT	2021-11-03	96.2	96.7	95.2	96.1	48.26	2680100	0.0
FPT	2021-11-04	96.1	96.8	95.7	96.0	48.21	1761300	-0.1
FPT	2021-11-05	96.2	97.8	96.0	97.6	49.01	2169900	1.67
FPT	2021-11-08	97.6	98.5	97.3	97.4	48.91	1687900	-0.2
FPT	2021-11-09	97.5	97.6	96.0	96.4	48.41	1845900	-1.03
FPT	2021-11-10	96.4	97.0	95.9	97.0	48.71	1592400	0.62
FPT	2021-11-11	97.0	98.0	95.8	96.0	48.21	2122200	-1.03
FPT	2021-11-12	96.2	98.2	95.9	98.0	49.21	2240300	2.08
FPT	2021-11-15	98.5	98.5	97.3	97.3	48.86	1908900	-0.71
FPT	2021-11-16	97.3	99.5	96.8	98.3	49.37	3506200	1.03
FPT	2021-11-17	98.3	98.4	98.0	98.3	49.37	1186200	0.0
FPT	2021-11-18	98.3	98.7	96.5	96.5	48.46	2005000	-1.83
FPT	2021-11-19	97.5	97.8	95.1	95.3	47.86	2481300	-1.24
FPT	2021-11-22	95.5	96.0	95.0	95.0	47.71	1670100	-0.31
FPT	2021-11-23	95.0	96.6	94.9	96.6	48.51	1150800	1.68
FPT	2021-11-24	96.7	98.4	96.4	97.9	49.16	2445600	1.35
FPT	2021-11-25	98.5	101.8	98.3	100.0	50.22	5487400	2.15
FPT	2021-11-26	100.1	100.8	98.8	98.9	49.67	1996200	-1.1
FPT	2021-11-29	97.5	98.9	97.5	98.1	49.26	1993000	-0.81
FPT	2021-11-30	98.1	98.5	97.0	97.1	48.76	2563100	-1.02
FPT	2021-12-01	97.5	98.6	96.7	98.2	49.31	1254900	1.13
FPT	2021-12-02	97.6	98.3	97.2	97.2	48.81	952900	-1.02
FPT	2021-12-03	97.8	97.8	95.5	95.5	47.96	2009700	-1.75
FPT	2021-12-06	95.5	96.5	94.2	94.5	47.46	2393800	-1.05
FPT	2021-12-07	95.0	96.0	94.5	96.0	48.21	1451000	1.59
FPT	2021-12-08	96.5	96.5	95.0	95.6	48.01	1064800	-0.42
FPT	2021-12-09	95.1	97.0	95.1	97.0	48.71	993100	1.46
FPT	2021-12-10	96.4	97.0	95.4	95.8	48.11	1160000	-1.24
FPT	2021-12-13	96.5	96.5	95.6	96.0	48.21	900200	0.21
FPT	2021-12-14	96.0	96.4	95.4	95.7	48.06	1144500	-0.31
FPT	2021-12-15	95.7	96.3	95.6	95.9	48.16	808400	0.21
FPT	2021-12-16	97.5	97.5	95.5	95.5	47.96	1245000	-0.42
FPT	2021-12-17	95.6	97.0	95.5	96.4	48.41	1152100	0.94
FPT	2021-12-20	96.5	96.5	95.5	95.8	48.11	1019800	-0.62
FPT	2021-12-21	95.7	95.9	95.1	95.2	47.81	1112300	-0.63
FPT	2021-12-22	95.0	95.4	94.6	95.0	47.71	1670500	-0.21
FPT	2021-12-23	95.0	95.0	93.0	93.2	46.8	1930300	-1.89
FPT	2021-12-24	93.5	94.5	92.8	93.8	47.11	1186700	0.64
FPT	2021-12-27	94.2	95.0	93.3	94.5	47.46	793700	0.75
FPT	2021-12-28	94.5	94.9	94.1	94.5	47.46	567300	0.0
FPT	2021-12-29	94.8	94.8	93.6	93.6	47.0	912200	-0.95
FPT	2021-12-30	93.7	94.3	93.5	93.6	47.0	810800	0.0
FPT	2021-12-31	93.8	94.4	93.0	93.0	46.7	1607400	-0.64
FPT	2022-01-04	93.4	94.2	93.3	93.5	46.95	1935000	0.54
FPT	2022-01-05	93.7	94.2	93.5	93.6	47.0	1193800	0.11
FPT	2022-01-06	93.6	94.0	93.5	93.5	46.95	1192400	-0.11
FPT	2022-01-07	93.1	93.7	93.1	93.4	46.9	1016800	-0.11
FPT	2022-01-10	93.2	93.5	91.9	92.0	46.2	1882400	-1.5
FPT	2022-01-11	92.0	92.2	89.1	89.5	44.95	2509300	-2.72
FPT	2022-01-12	89.1	90.6	88.5	89.6	45.0	1740700	0.11
FPT	2022-01-13	90.9	92.7	89.8	92.1	46.25	1811800	2.79
FPT	2022-01-14	91.7	92.1	90.9	91.3	45.85	686700	-0.87
FPT	2022-01-17	90.5	91.3	89.0	89.0	44.69	1568400	-2.52
FPT	2022-01-18	88.3	89.6	88.0	88.1	44.24	1209900	-1.01
FPT	2022-01-19	88.1	89.2	88.0	88.4	44.39	649300	0.34
FPT	2022-01-20	88.4	91.0	88.3	90.9	45.65	767900	2.94
FPT	2022-01-21	89.0	89.8	88.2	88.2	44.29	841200	-0.68
FPT	2022-01-24	88.2	88.5	85.0	85.3	42.84	2024200	-3.29
FPT	2022-01-25	85.2	87.5	84.0	86.5	43.44	1192600	1.41
FPT	2022-01-26	87.0	87.0	85.5	86.0	43.19	913600	-0.58
FPT	2022-01-27	86.0	86.7	85.4	85.9	43.14	719600	-0.12
FPT	2022-01-28	86.0	89.5	85.9	89.5	44.95	1552300	4.19
FPT	2022-02-07	90.0	90.1	89.0	89.5	44.95	518400	0.0
FPT	2022-02-08	89.5	91.8	89.5	90.6	45.5	845100	1.23
FPT	2022-02-09	91.7	91.7	90.6	90.7	45.55	1142700	0.11
FPT	2022-02-10	91.4	92.0	90.2	92.0	46.2	974900	1.43
FPT	2022-02-11	91.8	92.4	91.4	91.6	46.0	641600	-0.43
FPT	2022-02-14	91.0	91.6	90.4	91.0	45.7	774100	-0.66
FPT	2022-02-15	91.0	91.7	90.5	91.1	45.75	655400	0.11
FPT	2022-02-16	91.7	92.5	91.3	91.3	45.85	614200	0.22
FPT	2022-02-17	91.9	92.8	91.0	92.8	46.6	853700	1.64
FPT	2022-02-18	92.3	92.5	91.7	92.2	46.3	618800	-0.65
FPT	2022-02-21	92.2	94.0	92.0	93.5	46.95	1386000	1.41
FPT	2022-02-22	93.0	93.3	92.0	92.9	46.65	1158200	-0.64
FPT	2022-02-23	92.6	93.9	92.6	93.0	46.7	973800	0.11
FPT	2022-02-24	93.0	93.5	90.0	92.0	46.2	1349600	-1.08
FPT	2022-02-25	92.4	93.4	92.1	92.3	46.35	1059900	0.33
FPT	2022-02-28	92.3	93.5	92.3	93.3	46.85	1504600	1.08
FPT	2022-03-01	94.0	94.0	92.5	93.4	46.9	1101900	0.11
FPT	2022-03-02	93.0	93.4	92.7	93.1	46.75	1088900	-0.32
FPT	2022-03-03	93.2	94.0	93.2	93.4	46.9	957600	0.32
FPT	2022-03-04	93.3	93.8	93.0	93.5	46.95	1343800	0.11
FPT	2022-03-07	93.1	93.9	92.2	93.8	47.11	1698000	0.32
FPT	2022-03-08	93.8	95.4	92.6	94.8	47.61	2227500	1.07
FPT	2022-03-09	94.6	96.5	94.6	95.5	47.96	2204000	0.74
FPT	2022-03-10	96.3	96.3	94.6	94.6	47.51	778700	-0.94
FPT	2022-03-11	94.5	94.6	92.7	93.2	46.8	1139000	-1.48
FPT	2022-03-14	93.0	93.0	90.5	91.8	46.1	1943000	-1.5
FPT	2022-03-15	91.8	91.8	89.8	91.0	45.7	1872000	-0.87
FPT	2022-03-16	91.1	92.3	90.5	91.6	46.0	1139600	0.66
FPT	2022-03-17	91.8	92.7	91.5	92.0	46.2	1180600	0.44
FPT	2022-03-18	93.0	96.6	93.0	95.1	47.76	2815100	3.37
FPT	2022-03-21	95.2	96.0	95.0	95.3	47.86	1560700	0.21
FPT	2022-03-22	96.0	97.0	95.4	96.4	48.41	2079200	1.15
FPT	2022-03-23	96.5	97.5	96.0	96.5	48.46	1975800	0.1
FPT	2022-03-24	96.0	97.2	95.3	96.0	48.21	1823700	-0.52
FPT	2022-03-25	96.1	96.5	95.6	95.7	48.06	1228100	-0.31
FPT	2022-03-28	95.5	98.7	95.2	98.1	49.26	3501600	2.51
FPT	2022-03-29	98.6	104.9	98.6	104.9	52.68	8224300	6.93
FPT	2022-03-30	105.8	107.3	104.5	106.0	53.23	2830700	1.05
FPT	2022-03-31	105.5	110.6	104.6	107.0	53.73	3472300	0.94
FPT	2022-04-01	106.9	111.0	106.1	111.0	55.74	4317300	3.74
FPT	2022-04-04	113.5	113.5	109.3	109.3	54.89	2687800	-1.53
FPT	2022-04-05	109.1	111.6	109.0	109.0	54.74	1863900	-0.27
FPT	2022-04-06	108.4	114.0	108.4	113.0	56.75	4179000	3.67
FPT	2022-04-07	113.7	116.9	112.1	113.3	56.9	3915200	0.27
FPT	2022-04-08	113.3	113.9	108.5	108.5	54.49	4069700	-4.24
FPT	2022-04-12	109.0	111.5	106.6	109.8	55.14	3162100	1.2
FPT	2022-04-13	110.0	115.1	109.8	115.1	57.8	3322800	4.83
FPT	2022-04-14	115.2	118.9	115.2	116.6	58.56	3529400	1.3
FPT	2022-04-15	115.1	117.9	114.0	115.0	57.75	3121400	-1.37
FPT	2022-04-18	115.0	118.6	114.0	115.5	58.0	3356100	0.43
FPT	2022-04-19	116.5	117.0	112.0	112.0	56.25	4731000	-3.03
FPT	2022-04-20	112.0	113.0	109.6	112.0	56.25	3295000	0.0
FPT	2022-04-21	111.2	115.9	111.2	112.0	56.25	4068500	0.0
FPT	2022-04-22	112.5	113.9	106.0	111.1	55.79	5708900	-0.8
FPT	2022-04-25	110.1	110.9	103.4	103.4	51.93	4605900	-6.93
FPT	2022-04-26	100.2	105.0	97.0	104.3	52.38	5431400	0.87
FPT	2022-04-27	102.5	104.0	100.5	103.0	51.73	2529700	-1.25
FPT	2022-04-28	102.9	106.8	102.5	105.5	52.98	2530400	2.43
FPT	2022-04-29	105.0	107.1	104.2	105.0	52.73	3991500	-0.47
FPT	2022-05-04	104.9	105.9	104.1	104.5	52.48	1598400	-0.48
FPT	2022-05-05	104.6	105.5	101.9	104.7	52.58	2194900	0.19
FPT	2022-05-06	102.3	104.0	100.2	100.2	50.32	2430900	-4.3
FPT	2022-05-09	98.3	99.0	94.0	94.0	47.21	4499100	-6.19
FPT	2022-05-10	94.0	98.8	92.0	98.4	49.42	2816700	4.68
FPT	2022-05-11	98.0	101.9	96.8	101.9	51.17	1667700	3.56
FPT	2022-05-12	99.3	101.9	95.0	95.6	48.01	2591500	-6.18
FPT	2022-05-13	96.1	99.0	93.1	93.6	47.0	4103700	-2.09
FPT	2022-05-16	97.5	97.5	93.2	93.2	46.8	1740900	-0.43
FPT	2022-05-17	93.0	99.7	92.5	99.7	50.07	2045800	6.97
FPT	2022-05-18	99.7	100.1	97.5	97.7	49.06	1934400	-2.01
FPT	2022-05-19	95.1	97.7	95.1	97.0	48.71	1228600	-0.72
FPT	2022-05-20	97.7	98.9	97.0	97.5	48.96	1410400	0.52
FPT	2022-05-23	98.2	98.2	96.1	96.5	48.46	1136900	-1.03
FPT	2022-05-24	96.5	98.2	96.0	98.2	49.31	1384700	1.76
FPT	2022-05-25	99.5	105.0	98.7	105.0	52.73	3770800	6.92
FPT	2022-05-26	105.2	107.1	104.6	105.6	53.03	1426400	0.57
FPT	2022-05-27	105.6	112.0	105.5	111.8	56.14	3878400	5.87
FPT	2022-05-30	111.1	112.4	109.2	111.3	55.89	2496900	-0.45
FPT	2022-05-31	111.3	111.3	107.5	109.9	55.19	2157000	-1.26
FPT	2022-06-01	109.9	112.9	109.8	111.8	56.14	2036500	1.73
FPT	2022-06-02	112.8	114.8	111.1	111.5	55.99	2292800	-0.27
FPT	2022-06-03	111.5	114.0	110.9	114.0	57.25	1755900	2.24
FPT	2022-06-06	114.0	116.0	112.0	113.0	56.75	2558200	-0.88
FPT	2022-06-07	112.7	115.6	108.6	115.6	58.05	3908000	2.3
FPT	2022-06-08	116.3	117.6	114.5	115.0	57.75	2660400	-0.52
FPT	2022-06-09	115.5	115.9	113.3	115.3	57.9	1706300	0.26
FPT	2022-06-10	113.4	114.7	110.0	110.0	55.24	2972500	-4.6
FPT	2022-06-13	88.0	90.8	86.0	86.2	43.75	3393300	-5.07
FPT	2022-06-14	86.0	89.9	85.5	89.1	45.22	2308300	3.36
FPT	2022-06-15	90.6	90.6	88.0	90.5	45.93	1762600	1.57
FPT	2022-06-16	91.0	93.8	90.2	92.0	46.69	2517500	1.66
FPT	2022-06-17	90.3	92.6	89.0	92.0	46.69	2321400	0.0
FPT	2022-06-20	93.5	94.5	91.3	92.0	46.69	2483900	0.0
FPT	2022-06-21	92.4	93.5	89.0	89.1	45.22	2460200	-3.15
FPT	2022-06-22	89.8	90.4	84.4	84.5	42.89	2971400	-5.16
FPT	2022-06-23	84.0	86.8	83.7	85.5	43.39	2022500	1.18
FPT	2022-06-24	86.1	87.8	85.5	85.5	43.39	902400	0.0
FPT	2022-06-27	86.4	87.9	85.9	86.5	43.9	1254800	1.17
FPT	2022-06-28	89.5	90.2	87.2	89.7	45.52	2296600	3.7
FPT	2022-06-29	88.9	90.0	88.2	90.0	45.68	1182600	0.33
FPT	2022-06-30	89.5	89.9	86.2	86.2	43.75	1506500	-4.22
FPT	2022-07-01	87.0	88.8	84.8	88.0	44.66	1696500	2.09
FPT	2022-07-04	88.5	88.5	86.0	86.7	44.0	1005500	-1.48
FPT	2022-07-05	87.8	87.8	85.4	85.4	43.34	1395600	-1.5
FPT	2022-07-06	84.1	85.9	83.5	83.5	42.38	2232400	-2.22
FPT	2022-07-07	83.9	84.6	83.1	83.1	42.17	1286300	-0.48
FPT	2022-07-08	83.9	84.0	83.1	83.6	42.43	910400	0.6
FPT	2022-07-11	84.6	84.6	82.8	82.8	42.02	998100	-0.96
FPT	2022-07-12	82.8	83.5	82.7	83.5	42.38	602800	0.85
FPT	2022-07-13	84.0	84.0	82.5	82.5	41.87	1140700	-1.2
FPT	2022-07-14	82.8	83.5	82.2	82.8	42.02	891300	0.36
FPT	2022-07-15	84.0	84.0	82.2	82.2	41.72	1382300	-0.72
FPT	2022-07-18	82.8	84.5	82.3	83.0	42.12	1264900	0.97
FPT	2022-07-19	82.9	83.0	82.2	83.0	42.12	1185400	0.0
FPT	2022-07-20	85.0	85.9	84.0	84.9	43.09	2848900	2.29
FPT	2022-07-21	85.9	85.9	84.5	85.0	43.14	1804200	0.12
FPT	2022-07-22	86.4	86.5	85.1	85.1	43.19	1307200	0.12
FPT	2022-07-25	87.0	87.0	85.1	85.4	43.34	2245900	0.35
FPT	2022-07-26	86.0	86.0	84.8	84.8	43.04	1128800	-0.7
FPT	2022-07-27	84.6	85.2	84.4	85.2	43.24	771100	0.47
FPT	2022-07-28	85.2	85.8	83.1	84.9	43.09	1664800	-0.35
FPT	2022-07-29	85.1	85.2	83.5	83.5	42.38	1941800	-1.65
FPT	2022-08-01	84.0	84.2	83.1	84.0	42.63	1815100	0.6
FPT	2022-08-02	84.0	85.1	83.5	85.0	43.14	1879700	1.19
FPT	2022-08-03	85.0	85.2	84.2	84.8	43.04	2249500	-0.24
FPT	2022-08-04	85.1	86.6	84.9	86.1	43.7	3046800	1.53
FPT	2022-08-05	86.1	87.2	85.6	85.8	43.55	1773100	-0.35
FPT	2022-08-08	85.9	86.4	85.3	86.0	43.65	1586800	0.23
FPT	2022-08-09	86.0	87.5	85.7	86.2	43.75	2320800	0.23
FPT	2022-08-10	86.3	86.7	86.0	86.0	43.65	1121400	-0.23
FPT	2022-08-11	86.2	86.8	85.7	86.0	43.65	1852800	0.0
FPT	2022-08-12	85.7	86.5	85.7	86.5	43.9	1243100	0.58
FPT	2022-08-15	86.6	89.1	86.6	88.9	45.12	3085000	2.77
FPT	2022-08-16	88.9	89.4	88.1	88.7	45.02	1382800	-0.22
FPT	2022-08-17	89.0	89.1	88.0	88.3	44.81	1506200	-0.45
FPT	2022-08-18	87.9	89.7	87.9	88.3	44.81	2552900	0.0
FPT	2022-08-19	88.0	88.5	86.2	86.9	44.1	1957600	-1.59
FPT	2022-08-22	86.6	87.3	85.9	86.8	44.05	1634000	-0.12
FPT	2022-08-23	86.1	87.0	86.1	87.0	44.15	1085700	0.23
FPT	2022-08-24	86.5	86.8	86.1	86.2	52.98	1008000	0.23
FPT	2022-08-25	86.2	86.7	86.0	86.3	53.04	1143900	0.12
FPT	2022-08-26	86.4	87.8	86.3	87.2	53.59	1936600	1.04
FPT	2022-08-29	87.0	87.0	84.7	86.5	53.16	2228000	-0.8
FPT	2022-08-30	86.5	87.0	86.0	86.4	53.1	1153200	-0.12
FPT	2022-08-31	85.8	87.0	85.8	86.6	53.22	1173700	0.23
FPT	2022-09-05	86.5	86.7	85.9	86.2	52.98	1020900	-0.46
FPT	2022-09-06	86.0	86.4	85.8	85.8	52.73	1171600	-0.46
FPT	2022-09-07	85.5	85.9	84.0	84.0	51.62	2236400	-2.1
FPT	2022-09-08	84.1	85.0	83.8	84.3	51.81	1135600	0.36
FPT	2022-09-09	84.6	85.0	84.3	84.3	51.81	1145400	0.0
FPT	2022-09-12	85.1	85.2	84.3	84.6	51.99	716000	0.36
FPT	2022-09-13	85.0	85.3	84.3	84.6	51.99	1046400	0.0
FPT	2022-09-14	83.5	84.5	83.5	84.0	51.62	1309200	-0.71
FPT	2022-09-15	84.5	84.5	83.7	83.7	51.44	780500	-0.36
FPT	2022-09-16	83.7	83.9	82.5	82.5	50.7	1360100	-1.43
FPT	2022-09-19	82.5	83.6	81.9	83.1	51.07	1783700	0.73
FPT	2022-09-20	83.1	83.8	82.3	83.4	51.26	575000	0.36
FPT	2022-09-21	83.3	83.3	82.3	82.3	50.58	775400	-1.32
FPT	2022-09-22	82.0	83.0	81.9	82.9	50.95	1172400	0.73
FPT	2022-09-23	83.1	83.1	82.1	82.4	50.64	840600	-0.6
FPT	2022-09-26	81.5	82.0	80.3	81.5	50.09	1863600	-1.09
FPT	2022-09-27	82.0	82.0	80.5	80.5	49.47	932900	-1.23
FPT	2022-09-28	80.1	80.4	78.0	78.0	47.94	2048400	-3.11
FPT	2022-09-29	79.8	80.1	77.0	77.0	47.32	1303900	-1.28
FPT	2022-09-30	77.0	80.8	76.9	80.5	49.47	2109900	4.55
FPT	2022-10-03	79.6	80.3	76.4	77.0	47.32	1245600	-4.35
FPT	2022-10-04	78.0	79.0	77.2	77.5	47.63	2040000	0.65
FPT	2022-10-05	79.0	79.5	78.4	78.4	48.18	971900	1.16
FPT	2022-10-06	78.9	78.9	76.5	76.5	47.02	1266700	-2.42
FPT	2022-10-07	76.2	76.2	74.0	74.0	45.48	2061000	-3.27
FPT	2022-10-10	73.5	75.5	72.1	74.0	45.48	1625600	0.0
FPT	2022-10-11	74.0	74.0	71.0	71.0	43.64	1593600	-4.05
FPT	2022-10-12	71.0	73.3	71.0	72.4	44.5	1463100	1.97
FPT	2022-10-13	72.2	73.0	71.5	73.0	44.86	829200	0.83
FPT	2022-10-14	74.4	74.5	73.6	74.0	45.48	844200	1.37
FPT	2022-10-17	73.5	73.9	72.6	73.8	45.36	707400	-0.27
FPT	2022-10-18	74.0	75.3	74.0	74.9	46.03	879000	1.49
FPT	2022-10-19	74.9	76.2	74.7	75.5	46.4	1023700	0.8
FPT	2022-10-20	75.8	78.5	75.3	77.8	47.81	1730300	3.05
FPT	2022-10-21	77.7	77.7	73.9	73.9	45.42	1564900	-5.01
FPT	2022-10-24	73.9	74.5	71.0	71.1	43.7	1426100	-3.79
FPT	2022-10-25	71.4	74.5	71.1	73.2	44.99	1564600	2.95
FPT	2022-10-26	74.5	74.5	72.7	73.8	45.36	625100	0.82
FPT	2022-10-27	74.1	76.2	73.7	75.8	46.58	935900	2.71
FPT	2022-10-28	76.3	76.3	74.7	75.0	46.09	875800	-1.06
FPT	2022-10-31	75.0	76.0	73.7	75.6	46.46	1084700	0.8
FPT	2022-11-01	76.3	76.8	75.0	75.5	46.4	561500	-0.13
FPT	2022-11-02	75.2	76.0	74.0	74.0	45.48	978200	-1.99
FPT	2022-11-03	74.5	75.7	73.7	74.1	45.54	622400	0.14
FPT	2022-11-04	74.0	74.0	71.5	72.9	44.8	1646800	-1.62
FPT	2022-11-07	72.6	74.0	72.6	72.6	44.62	1572400	-0.41
FPT	2022-11-08	71.5	73.9	71.4	73.3	45.05	945000	0.96
FPT	2022-11-09	73.3	74.3	73.3	74.0	45.48	697700	0.95
FPT	2022-11-10	73.5	73.7	69.1	73.0	44.86	1595200	-1.35
FPT	2022-11-11	73.1	73.6	72.0	72.8	44.74	1002900	-0.27
FPT	2022-11-14	72.0	72.4	70.0	70.8	43.51	1639000	-2.75
FPT	2022-11-15	70.0	70.0	65.9	65.9	40.5	3114900	-6.92
FPT	2022-11-16	61.3	70.0	61.3	69.3	42.59	3050400	5.16
FPT	2022-11-17	69.3	72.0	64.5	71.0	43.64	1546300	2.45
FPT	2022-11-18	70.1	72.0	69.2	71.5	43.94	1261700	0.7
FPT	2022-11-21	69.5	71.8	69.5	70.1	43.08	840500	-1.96
FPT	2022-11-22	70.0	72.0	69.1	70.5	43.33	1176300	0.57
FPT	2022-11-23	70.0	71.0	69.7	70.5	43.33	465900	0.0
FPT	2022-11-24	69.8	71.0	69.4	70.5	43.33	788400	0.0
FPT	2022-11-25	70.6	72.0	70.5	72.0	44.25	1267400	2.13
FPT	2022-11-28	72.4	74.5	72.3	74.3	45.66	1146800	3.19
FPT	2022-11-29	74.9	74.9	73.0	74.3	45.66	1143800	0.0
FPT	2022-11-30	74.5	74.9	73.5	74.6	45.85	911500	0.4
FPT	2022-12-01	75.1	75.8	74.1	74.7	45.91	1776500	0.13
FPT	2022-12-02	74.7	77.7	74.0	77.4	47.57	2901400	3.61
FPT	2022-12-05	78.0	79.0	77.4	78.3	48.12	1216400	1.16
FPT	2022-12-06	78.3	78.9	76.0	76.0	46.71	1537700	-2.94
FPT	2022-12-07	75.9	76.6	74.8	76.5	47.02	1029400	0.66
FPT	2022-12-08	76.9	78.8	75.6	77.0	47.32	1267300	0.65
FPT	2022-12-09	76.3	78.0	76.2	78.0	47.94	987500	1.3
FPT	2022-12-12	77.6	78.2	76.4	77.0	47.32	1213500	-1.28
FPT	2022-12-13	76.2	77.3	75.2	77.2	47.45	899700	0.26
FPT	2022-12-14	77.2	77.5	76.1	76.3	46.89	1158000	-1.17
FPT	2022-12-15	76.4	78.1	76.4	77.7	47.75	1170500	1.83
FPT	2022-12-16	77.0	78.0	76.4	77.9	47.88	910900	0.26
FPT	2022-12-19	78.3	78.3	76.6	76.6	47.08	1026200	-1.67
FPT	2022-12-20	77.2	77.2	75.4	76.6	47.08	785800	0.0
FPT	2022-12-21	77.2	77.4	75.7	77.2	47.45	544100	0.78
FPT	2022-12-22	77.2	77.5	76.0	77.2	47.45	657800	0.0
FPT	2022-12-23	76.4	78.0	76.2	78.0	47.94	1221000	1.04
FPT	2022-12-26	77.7	78.1	76.4	76.4	46.95	832500	-2.05
FPT	2022-12-27	76.4	77.5	76.0	76.5	47.02	805200	0.13
FPT	2022-12-28	77.0	77.0	76.0	76.7	47.14	589200	0.26
FPT	2022-12-29	76.5	77.0	76.2	76.2	46.83	655300	-0.65
FPT	2022-12-30	76.2	76.9	76.0	76.9	47.26	628600	0.92
FPT	2023-01-03	76.9	80.0	76.8	80.0	49.17	1535200	4.03
FPT	2023-01-04	80.8	81.0	79.3	80.0	49.17	794300	0.0
FPT	2023-01-05	80.2	81.5	80.2	80.6	49.53	1012600	0.75
FPT	2023-01-06	80.4	81.1	80.2	80.3	49.35	719400	-0.37
FPT	2023-01-09	80.5	80.9	79.9	80.3	49.35	518900	0.0
FPT	2023-01-10	80.7	81.3	80.2	80.4	49.41	752700	0.12
FPT	2023-01-11	80.4	81.6	80.4	80.9	49.72	1076900	0.62
FPT	2023-01-12	81.0	81.5	80.2	80.7	49.6	542500	-0.25
FPT	2023-01-13	80.5	81.2	80.0	80.0	49.17	628300	-0.87
FPT	2023-01-16	80.1	81.0	79.7	80.8	49.66	574500	1.0
FPT	2023-01-17	81.2	82.0	81.0	82.0	50.4	978200	1.49
FPT	2023-01-18	82.1	83.4	81.8	83.4	51.26	954600	1.71
FPT	2023-01-19	83.0	84.2	82.9	83.9	51.56	1327200	0.6
FPT	2023-01-27	84.1	85.5	84.0	84.0	51.62	1140700	0.12
FPT	2023-01-30	84.2	84.4	83.7	83.7	51.44	891000	-0.36
FPT	2023-01-31	83.5	83.7	81.7	83.5	51.32	1529100	-0.24
FPT	2023-02-01	84.0	84.0	81.8	82.0	50.4	1048300	-1.8
FPT	2023-02-02	82.1	82.4	81.3	81.9	50.33	1325200	-0.12
FPT	2023-02-03	82.0	82.0	80.1	80.1	49.23	1729000	-2.2
FPT	2023-02-06	80.0	81.6	79.7	80.5	49.47	944400	0.5
FPT	2023-02-07	80.5	81.9	80.5	80.7	49.6	750800	0.25
FPT	2023-02-08	80.8	81.7	80.6	81.2	49.9	669700	0.62
FPT	2023-02-09	81.0	81.6	80.7	80.7	49.6	743000	-0.62
FPT	2023-02-10	81.1	81.2	80.5	80.7	49.6	725000	0.0
FPT	2023-02-13	80.7	81.2	80.0	80.7	49.6	613200	0.0
FPT	2023-02-14	80.7	81.0	80.2	80.8	49.66	619700	0.12
FPT	2023-02-15	80.5	81.9	80.3	81.6	50.15	645200	0.99
FPT	2023-02-16	81.6	82.0	80.7	81.6	50.15	424200	0.0
FPT	2023-02-17	81.2	81.6	81.0	81.6	50.15	467600	0.0
FPT	2023-02-20	81.6	83.0	81.4	82.8	50.89	1275100	1.47
FPT	2023-02-21	82.8	83.7	82.6	82.8	50.89	840000	0.0
FPT	2023-02-22	82.3	82.5	81.8	81.8	50.27	747200	-1.21
FPT	2023-02-23	81.7	81.7	80.6	81.4	50.03	1160500	-0.49
FPT	2023-02-24	81.1	81.3	80.4	80.8	49.66	559200	-0.74
FPT	2023-02-27	80.0	80.5	79.9	80.3	49.35	1015400	-0.62
FPT	2023-02-28	80.0	80.7	79.5	80.5	49.47	524300	0.25
FPT	2023-03-01	79.5	80.5	78.7	80.5	49.47	1376400	0.0
FPT	2023-03-02	80.0	80.5	79.8	80.0	49.17	430800	-0.62
FPT	2023-03-03	79.3	80.0	78.5	78.5	48.24	740800	-1.88
FPT	2023-03-06	78.1	79.8	78.1	78.2	48.06	817200	-0.38
FPT	2023-03-07	79.1	79.9	78.8	78.8	48.43	792000	0.77
FPT	2023-03-08	78.5	79.5	78.5	79.5	48.86	510600	0.89
FPT	2023-03-09	79.5	80.7	79.2	80.6	49.53	640300	1.38
FPT	2023-03-10	80.2	80.4	79.0	79.5	48.86	640900	-1.36
FPT	2023-03-13	78.1	79.4	78.1	78.9	48.49	886500	-0.75
FPT	2023-03-14	79.0	79.1	78.5	78.7	48.37	427400	-0.25
FPT	2023-03-15	79.1	80.5	79.1	80.5	49.47	691800	2.29
FPT	2023-03-16	80.0	80.0	78.4	79.2	48.67	850000	-1.61
FPT	2023-03-17	79.6	80.0	78.6	79.0	48.55	429400	-0.25
FPT	2023-03-20	79.1	79.3	77.6	77.6	47.69	769800	-1.77
FPT	2023-03-21	78.6	78.7	77.1	78.1	48.0	536200	0.64
FPT	2023-03-22	78.2	78.6	77.6	78.5	48.24	610400	0.51
FPT	2023-03-23	78.4	78.5	77.6	78.0	47.94	356600	-0.64
FPT	2023-03-24	78.3	78.8	78.0	78.6	48.31	366700	0.77
FPT	2023-03-27	78.9	79.2	78.5	79.1	48.61	767200	0.64
FPT	2023-03-28	79.2	79.2	77.5	79.2	48.67	1000400	0.13
FPT	2023-03-29	79.2	79.3	78.6	79.0	48.55	404500	-0.25
FPT	2023-03-30	79.0	79.3	78.8	79.1	48.61	408400	0.13
FPT	2023-03-31	79.1	79.5	79.0	79.1	48.61	671600	0.0
FPT	2023-04-03	79.4	80.9	79.1	80.9	49.72	1170200	2.28
FPT	2023-04-04	80.9	81.0	80.0	80.5	49.47	584600	-0.49
FPT	2023-04-05	80.5	80.6	79.7	80.6	49.53	422000	0.12
FPT	2023-04-06	80.7	81.5	80.3	80.3	49.35	612900	-0.37
FPT	2023-04-07	80.2	80.7	80.0	80.5	49.47	359800	0.25
FPT	2023-04-10	81.0	81.0	80.1	80.3	49.35	769800	-0.25
FPT	2023-04-11	80.2	80.5	80.1	80.3	49.35	534000	0.0
FPT	2023-04-12	80.3	80.5	79.9	80.3	49.35	574700	0.0
FPT	2023-04-13	80.3	80.4	79.3	79.6	48.92	540500	-0.87
FPT	2023-04-14	79.9	80.1	79.3	79.6	48.92	398800	0.0
FPT	2023-04-17	79.6	79.7	79.0	79.6	48.92	449900	0.0
FPT	2023-04-18	79.6	80.0	79.2	79.4	48.8	301600	-0.25
FPT	2023-04-19	79.8	79.8	79.3	79.3	48.74	419800	-0.13
FPT	2023-04-20	79.8	79.8	79.2	79.4	48.8	364400	0.13
FPT	2023-04-21	80.0	80.0	79.3	79.3	48.74	324000	-0.13
FPT	2023-04-24	79.5	80.6	79.0	79.1	48.61	794500	-0.25
FPT	2023-04-25	79.1	79.3	78.3	78.4	48.18	540000	-0.88
FPT	2023-04-26	78.1	78.4	77.6	78.3	48.12	772000	-0.13
FPT	2023-04-27	78.1	78.8	78.1	78.3	48.12	221000	0.0
FPT	2023-04-28	78.8	78.8	77.5	77.5	47.63	945600	-1.02
FPT	2023-05-04	77.8	78.7	77.6	78.5	48.24	497200	1.29
FPT	2023-05-05	78.6	78.6	78.2	78.4	48.18	319200	-0.13
FPT	2023-05-08	78.5	78.9	78.4	78.5	48.24	362900	0.13
FPT	2023-05-09	78.6	79.8	78.6	78.9	48.49	605900	0.51
FPT	2023-05-10	79.0	79.6	79.0	79.0	48.55	632500	0.13
FPT	2023-05-11	79.1	79.6	79.0	79.1	48.61	475900	0.13
FPT	2023-05-12	79.3	80.6	78.8	80.5	49.47	1083100	1.77
FPT	2023-05-15	81.4	81.8	80.8	81.0	49.78	934700	0.62
FPT	2023-05-16	81.0	81.7	80.8	81.5	50.09	766500	0.62
FPT	2023-05-17	81.9	82.7	81.1	81.5	50.09	976200	0.0
FPT	2023-05-18	81.8	83.0	81.4	82.9	50.95	1549800	1.72
FPT	2023-05-19	83.0	83.3	81.8	82.8	50.89	1073600	-0.12
FPT	2023-05-22	82.8	82.8	82.0	82.5	50.7	561000	-0.36
FPT	2023-05-23	82.5	82.5	81.4	82.0	50.4	656500	-0.61
FPT	2023-05-24	82.0	82.1	81.1	81.3	49.97	464300	-0.85
FPT	2023-05-25	81.2	83.4	81.0	83.2	51.13	1341300	2.34
FPT	2023-05-26	83.1	83.4	82.3	83.1	51.07	864400	-0.12
FPT	2023-05-29	83.5	83.7	82.9	83.1	51.07	879600	0.0
FPT	2023-05-30	83.0	84.9	82.9	84.0	51.62	1659100	1.08
FPT	2023-05-31	84.2	84.2	83.1	84.1	51.69	839400	0.12
FPT	2023-06-01	84.0	84.0	83.1	83.5	51.32	537300	-0.71
FPT	2023-06-02	83.5	84.3	83.1	83.8	51.5	735900	0.36
FPT	2023-06-05	83.9	85.2	83.8	85.0	52.24	1425500	1.43
FPT	2023-06-06	85.3	85.3	84.7	85.3	52.42	514000	0.35
FPT	2023-06-07	85.0	85.4	84.3	85.0	52.24	705800	-0.35
FPT	2023-06-08	84.7	84.9	83.5	83.6	51.38	1244500	-1.65
FPT	2023-06-09	84.3	84.7	83.7	84.6	51.99	680200	1.2
FPT	2023-06-12	84.5	84.9	83.6	84.9	52.18	519700	0.35
FPT	2023-06-13	84.4	84.9	84.3	84.4	51.87	466800	-0.59
FPT	2023-06-14	84.3	84.8	84.1	84.2	51.75	658600	-0.24
FPT	2023-06-15	84.2	84.4	83.6	84.1	51.69	798600	-0.12
FPT	2023-06-16	84.1	86.2	83.4	84.5	51.93	2231500	0.48
FPT	2023-06-19	84.7	85.5	84.5	84.7	52.05	663200	0.24
FPT	2023-06-20	85.0	85.8	84.7	85.5	52.55	944500	0.94
FPT	2023-06-21	85.5	86.4	85.4	85.8	52.73	705800	0.35
FPT	2023-06-22	86.1	86.5	84.7	85.5	52.55	1019700	-0.35
FPT	2023-06-23	85.6	85.6	84.8	85.1	52.3	822000	-0.47
FPT	2023-06-26	85.1	85.8	84.6	85.8	52.73	859400	0.82
FPT	2023-06-27	86.0	87.3	86.0	87.3	53.65	1540400	1.75
FPT	2023-06-28	87.4	87.8	87.0	87.0	53.47	964900	-0.34
FPT	2023-06-29	87.0	87.1	86.5	86.5	53.16	562400	-0.57
FPT	2023-06-30	86.5	86.6	86.0	86.0	52.85	733500	-0.58
FPT	2023-07-03	86.5	86.8	86.0	86.4	53.1	1039600	0.47
FPT	2023-07-04	86.4	87.0	86.2	87.0	53.47	1328100	0.69
FPT	2023-07-05	75.1	76.5	74.8	74.8	46.51	1787300	0.0
FPT	2023-07-06	74.8	75.2	74.0	74.6	46.38	1517000	-0.27
FPT	2023-07-07	74.2	75.5	74.2	75.3	46.82	896300	0.94
FPT	2023-07-10	75.3	75.9	74.9	75.3	46.82	1154300	0.0
FPT	2023-07-11	75.3	75.4	75.0	75.0	46.63	1091300	-0.4
FPT	2023-07-12	75.0	75.7	74.9	75.3	46.82	904900	0.4
FPT	2023-07-13	75.8	75.8	75.4	75.8	47.13	1252400	0.66
FPT	2023-07-14	76.9	78.3	76.1	78.3	48.68	2822800	3.3
FPT	2023-07-17	79.0	79.2	78.5	79.0	49.12	1153300	0.89
FPT	2023-07-18	79.0	79.0	78.1	78.7	48.93	718300	-0.38
FPT	2023-07-19	78.5	78.9	78.3	78.5	48.81	708600	-0.25
FPT	2023-07-20	78.6	81.3	78.5	80.3	49.92	2294300	2.29
FPT	2023-07-21	79.7	81.0	79.6	81.0	50.36	1273600	0.87
FPT	2023-07-24	81.0	81.3	80.6	81.0	50.36	1172700	0.0
FPT	2023-07-25	81.0	82.2	81.0	81.3	50.55	1056900	0.37
FPT	2023-07-26	81.2	82.7	81.1	82.7	51.42	1270800	1.72
FPT	2023-07-27	82.8	84.4	82.8	83.7	52.04	1417700	1.21
FPT	2023-07-28	83.5	84.4	83.1	84.4	52.47	898400	0.84
FPT	2023-07-31	84.7	85.8	84.4	85.6	53.22	1471500	1.42
FPT	2023-08-01	85.6	86.3	84.5	84.5	52.54	1287300	-1.29
FPT	2023-08-02	84.5	84.8	83.5	83.5	51.91	996300	-1.18
FPT	2023-08-03	83.8	84.2	82.9	83.7	52.04	907900	0.24
FPT	2023-08-04	84.0	84.5	83.3	83.3	51.79	1618900	-0.48
FPT	2023-08-07	83.6	84.5	83.3	84.5	52.54	752500	1.44
FPT	2023-08-08	84.0	84.6	83.8	84.2	52.35	636000	-0.36
FPT	2023-08-09	84.0	84.7	83.0	83.1	51.67	982700	-1.31
FPT	2023-08-10	83.1	83.3	82.2	82.2	51.11	1343300	-1.08
FPT	2023-08-11	82.0	83.0	81.5	82.0	50.98	1142900	-0.24
FPT	2023-08-14	82.1	83.2	82.0	82.6	51.35	1014100	0.73
FPT	2023-08-15	82.6	84.3	81.5	84.0	52.23	1675600	1.69
FPT	2023-08-16	83.2	85.2	83.2	85.1	52.91	2595400	1.31
FPT	2023-08-17	85.0	87.2	85.0	86.0	53.47	3693800	1.06
FPT	2023-08-18	85.6	87.9	84.3	85.5	53.16	4243700	-0.58
FPT	2023-08-21	85.9	86.7	85.5	85.9	53.41	2452800	0.47
FPT	2023-08-22	86.3	86.5	83.0	86.5	53.78	2330300	0.7
FPT	2023-08-23	86.4	86.8	84.7	86.5	53.78	1418500	0.0
FPT	2023-08-24	85.5	90.1	85.1	90.0	65.1	5251600	5.26
FPT	2023-08-25	89.5	91.0	89.1	90.6	65.54	2791400	0.67
FPT	2023-08-28	92.0	94.3	91.0	94.0	68.0	2950700	3.75
FPT	2023-08-29	94.0	94.0	92.8	93.6	67.71	1547400	-0.43
FPT	2023-08-30	93.2	98.2	93.1	96.6	69.88	2360700	3.21
FPT	2023-08-31	96.6	97.5	96.1	96.7	69.95	1403700	0.1
FPT	2023-09-05	97.1	98.7	96.8	96.8	70.02	1439600	0.1
FPT	2023-09-06	97.1	99.0	96.3	99.0	71.61	2491000	2.27
FPT	2023-09-07	99.0	100.8	97.6	97.9	70.82	3249600	-1.11
FPT	2023-09-08	97.5	98.5	97.0	97.6	70.6	2115600	-0.31
FPT	2023-09-11	98.7	99.5	95.3	97.4	70.46	5149800	-0.2
FPT	2023-09-12	97.4	98.9	97.4	98.9	71.54	2680700	1.54
FPT	2023-09-13	98.9	99.0	97.4	98.0	70.89	2889300	-0.91
FPT	2023-09-14	98.0	98.0	95.5	95.9	69.37	2319700	-2.14
FPT	2023-09-15	96.0	97.8	95.3	97.5	70.53	2134800	1.67
FPT	2023-09-18	96.9	96.9	95.7	96.9	70.09	2026900	-0.62
FPT	2023-09-19	96.8	98.4	95.9	98.4	71.18	3583600	1.55
FPT	2023-09-20	98.8	99.7	98.5	98.5	71.25	2444800	0.1
FPT	2023-09-21	98.5	98.9	96.3	96.8	70.02	3419000	-1.73
FPT	2023-09-22	95.1	97.0	92.6	96.7	69.95	6861000	-0.1
FPT	2023-09-25	97.0	97.6	94.3	94.3	68.21	2097100	-2.48
FPT	2023-09-26	94.2	95.5	93.1	93.5	67.63	2154100	-0.85
FPT	2023-09-27	93.9	94.3	90.4	94.3	68.21	4510400	0.86
FPT	2023-09-28	94.1	94.3	91.4	94.0	68.0	1764400	-0.32
FPT	2023-09-29	94.0	94.9	92.8	92.8	67.13	1635300	-1.28
FPT	2023-10-02	93.4	93.8	92.0	93.2	67.42	1137500	0.43
FPT	2023-10-03	92.2	93.5	91.5	92.2	66.69	2006900	-1.07
FPT	2023-10-04	91.3	93.4	91.3	92.5	66.91	1591700	0.33
FPT	2023-10-05	92.8	93.3	91.6	91.6	66.26	1369100	-0.97
FPT	2023-10-06	91.5	92.8	91.0	92.7	67.06	1147700	1.2
FPT	2023-10-09	92.4	95.6	92.2	95.6	69.15	3657000	3.13
FPT	2023-10-10	96.5	97.2	95.4	96.3	69.66	3255500	0.73
FPT	2023-10-11	95.9	98.0	95.9	97.0	70.17	2358200	0.73
FPT	2023-10-12	97.0	97.8	96.0	96.4	69.73	1881200	-0.62
FPT	2023-10-13	96.0	96.3	95.3	96.1	69.51	2362100	-0.31
FPT	2023-10-16	96.8	98.9	96.3	96.8	70.02	4974600	0.73
FPT	2023-10-17	97.8	97.8	93.1	93.1	67.34	2420100	-3.82
FPT	2023-10-18	94.9	94.9	91.0	93.0	67.27	6142800	-0.11
FPT	2023-10-19	94.0	94.3	92.0	92.0	66.55	3029400	-1.08
FPT	2023-10-20	92.5	93.0	90.1	92.9	67.2	2863200	0.98
FPT	2023-10-23	93.8	93.8	90.8	91.0	65.83	1971700	-2.05
FPT	2023-10-24	92.4	92.4	90.8	92.0	66.55	1612400	1.1
FPT	2023-10-25	91.8	92.7	90.9	90.9	65.75	1836500	-1.2
FPT	2023-10-26	88.3	89.9	86.0	86.8	62.79	5909500	-4.51
FPT	2023-10-27	87.5	88.0	86.3	87.0	62.93	2034800	0.23
FPT	2023-10-30	87.0	87.1	85.0	85.0	61.49	1869500	-2.3
FPT	2023-10-31	85.1	85.3	83.0	83.0	60.04	3087200	-2.35
FPT	2023-11-01	84.3	85.4	82.6	85.4	61.77	2175200	2.89
FPT	2023-11-02	86.4	89.0	85.9	89.0	64.38	2204000	4.22
FPT	2023-11-03	89.0	89.2	87.0	87.0	62.93	4842300	-2.25
FPT	2023-11-06	88.2	88.9	87.8	88.5	64.02	1210100	1.72
FPT	2023-11-07	88.5	88.8	87.9	88.3	63.87	1340200	-0.23
FPT	2023-11-08	88.2	92.6	88.0	92.6	66.98	2943200	4.87
FPT	2023-11-09	92.0	93.3	91.8	92.5	66.91	2110200	-0.11
FPT	2023-11-10	91.5	92.7	91.3	91.5	66.19	2406500	-1.08
FPT	2023-11-13	91.6	92.0	90.5	91.4	66.12	1532100	-0.11
FPT	2023-11-14	92.0	93.4	91.3	92.6	66.98	1997800	1.31
FPT	2023-11-15	93.7	93.8	92.0	92.4	66.84	2417600	-0.22
FPT	2023-11-16	92.2	93.0	91.6	93.0	67.27	1906300	0.65
FPT	2023-11-17	93.4	93.5	90.6	91.0	65.83	3567900	-2.15
FPT	2023-11-20	90.1	92.6	89.1	90.7	65.61	1656500	-0.33
FPT	2023-11-21	92.0	92.0	90.7	91.9	66.48	1460700	1.32
FPT	2023-11-22	91.9	93.1	91.9	93.0	67.27	3271700	1.2
FPT	2023-11-23	93.3	93.7	90.8	90.8	65.68	2165700	-2.37
FPT	2023-11-24	90.8	92.0	90.2	91.2	65.97	2248500	0.44
FPT	2023-11-27	91.4	91.4	90.1	90.7	65.61	1659500	-0.55
FPT	2023-11-28	90.8	91.9	89.9	91.1	65.9	1090700	0.44
FPT	2023-11-29	91.6	92.0	91.1	91.7	66.33	801500	0.66
FPT	2023-11-30	91.4	93.7	91.3	91.9	66.48	1982400	0.22
FPT	2023-12-01	92.2	92.9	91.3	92.4	66.84	1190800	0.54
FPT	2023-12-04	92.6	94.0	92.6	93.6	67.71	3462300	1.3
FPT	2023-12-05	93.8	95.8	93.7	94.8	68.57	3590200	1.28
FPT	2023-12-06	95.0	95.4	94.1	95.0	68.72	1220700	0.21
FPT	2023-12-07	95.1	95.3	92.8	94.3	68.21	3761200	-0.74
FPT	2023-12-08	94.3	95.1	93.5	94.2	68.14	1745800	-0.11
FPT	2023-12-11	95.5	95.7	94.6	95.0	68.72	1564500	0.85
FPT	2023-12-12	95.4	96.8	95.3	96.8	70.02	4084900	1.89
FPT	2023-12-13	97.4	97.4	95.2	95.2	68.86	2148100	-1.65
FPT	2023-12-14	95.8	96.4	95.2	96.2	69.59	1712300	1.05
FPT	2023-12-15	96.2	96.3	95.0	96.2	69.59	1474300	0.0
FPT	2023-12-18	95.9	96.2	93.7	94.0	68.0	2266500	-2.29
FPT	2023-12-19	93.9	94.6	93.6	94.6	68.43	1250400	0.64
FPT	2023-12-20	94.3	95.0	94.1	94.7	68.5	1349500	0.11
FPT	2023-12-21	94.6	95.1	94.0	95.1	68.79	1756800	0.42
FPT	2023-12-22	95.0	95.1	94.4	94.6	68.43	1275400	-0.53
FPT	2023-12-25	94.9	96.2	94.8	96.0	69.44	2017000	1.48
FPT	2023-12-26	96.5	98.6	96.4	97.2	70.31	3359900	1.25
FPT	2023-12-27	97.4	97.8	96.9	96.9	70.09	1355900	-0.31
FPT	2023-12-28	97.0	97.0	96.3	96.6	69.88	1196600	-0.31
FPT	2023-12-29	96.6	97.0	96.1	96.1	69.51	1866600	-0.52
FPT	2024-01-02	96.9	96.9	95.7	95.9	69.37	1714500	-0.21
FPT	2024-01-03	95.6	96.5	95.4	96.3	69.66	1436900	0.42
FPT	2024-01-04	96.3	98.4	96.2	97.2	70.31	2973900	0.93
FPT	2024-01-05	97.3	97.5	96.5	97.4	70.46	1138600	0.21
FPT	2024-01-08	97.4	98.3	97.1	97.3	70.38	1443000	-0.1
FPT	2024-01-09	97.3	97.3	96.6	96.6	69.88	1211700	-0.72
FPT	2024-01-10	96.7	96.9	94.5	94.7	68.5	3302500	-1.97
FPT	2024-01-11	94.7	95.4	94.7	95.0	68.72	1370900	0.32
FPT	2024-01-12	94.8	95.6	94.1	94.7	68.5	2597000	-0.32
FPT	2024-01-15	95.0	95.9	94.9	95.4	69.01	1312200	0.74
FPT	2024-01-16	94.7	95.7	94.7	95.7	69.23	810000	0.31
FPT	2024-01-17	95.6	96.0	95.0	95.7	69.23	1414000	0.0
FPT	2024-01-18	95.7	96.0	95.2	95.6	69.15	1136900	-0.1
FPT	2024-01-19	96.0	96.9	95.7	96.3	69.66	1493200	0.73
FPT	2024-01-22	96.8	96.8	95.8	96.4	69.73	1108000	0.1
FPT	2024-01-23	96.1	96.4	95.4	95.6	69.15	1480400	-0.83
FPT	2024-01-24	95.8	95.8	94.9	95.0	68.72	1722100	-0.63
FPT	2024-01-25	95.1	95.7	94.8	95.1	68.79	845100	0.11
FPT	2024-01-26	95.5	96.2	95.3	95.9	69.37	925400	0.84
FPT	2024-01-29	95.9	96.1	95.3	95.9	69.37	1060700	0.0
FPT	2024-01-30	95.9	95.9	95.4	95.6	69.15	949000	-0.31
FPT	2024-01-31	95.6	96.0	95.5	95.7	69.23	1381500	0.1
FPT	2024-02-01	95.9	99.9	95.7	99.9	72.26	7793700	4.39
FPT	2024-02-02	100.2	102.2	100.1	102.0	73.78	2876100	2.1
FPT	2024-02-05	102.0	104.1	101.9	103.5	74.87	2694400	1.47
FPT	2024-02-06	103.6	105.0	102.9	104.1	75.3	1884300	0.58
FPT	2024-02-07	104.7	105.0	103.9	104.9	75.88	2125400	0.77
FPT	2024-02-15	105.2	105.5	103.8	104.0	75.23	2248400	-0.86
FPT	2024-02-16	104.0	105.1	103.8	105.1	76.03	2066000	1.06
FPT	2024-02-19	105.5	107.0	105.0	105.0	75.95	2031800	-0.1
FPT	2024-02-20	105.2	105.2	104.0	104.3	75.45	1844300	-0.67
FPT	2024-02-21	104.0	106.9	103.5	105.9	76.6	3137500	1.53
FPT	2024-02-22	105.9	106.0	104.6	104.6	75.66	1718700	-1.23
FPT	2024-02-23	105.5	106.7	103.3	103.9	75.16	4103500	-0.67
FPT	2024-02-26	103.9	108.0	103.5	108.0	78.12	4466700	3.95
FPT	2024-02-27	108.5	109.5	107.4	107.9	78.05	2800800	-0.09
FPT	2024-02-28	108.0	108.5	106.3	108.5	78.48	3461700	0.56
FPT	2024-02-29	108.2	109.4	107.7	109.0	78.85	2824800	0.46
FPT	2024-03-01	109.2	111.4	109.1	110.8	80.15	4019400	1.65
FPT	2024-03-04	111.0	111.8	110.8	111.4	80.58	3087100	0.54
FPT	2024-03-05	111.4	111.4	109.9	110.7	80.08	3383000	-0.63
FPT	2024-03-06	110.0	110.4	108.7	109.0	78.85	2491100	-1.54
FPT	2024-03-07	109.1	113.9	108.2	111.3	80.51	4037600	2.02
FPT	2024-03-08	111.3	112.6	109.5	110.0	79.57	3115600	-1.17
FPT	2024-03-11	110.0	113.5	110.0	110.0	79.57	3381500	0.0
FPT	2024-03-12	110.0	113.5	110.0	111.9	80.94	2907800	1.73
FPT	2024-03-13	112.8	117.0	112.0	117.0	84.63	5114200	4.56
FPT	2024-03-14	118.5	118.5	115.7	117.0	84.63	3463000	0.0
FPT	2024-03-15	116.8	116.8	114.5	116.0	83.91	3838400	-0.85
FPT	2024-03-18	115.8	115.8	111.1	113.0	81.74	5884600	-2.59
FPT	2024-03-19	113.0	113.0	111.1	112.0	81.02	3315400	-0.88
FPT	2024-03-20	112.3	115.0	111.1	114.5	82.82	3475700	2.23
FPT	2024-03-21	115.2	116.2	114.6	116.2	84.05	3757800	1.48
FPT	2024-03-22	116.3	116.3	114.5	114.9	83.11	2414800	-1.12
FPT	2024-03-25	114.1	115.1	113.8	114.0	82.46	2794400	-0.78
FPT	2024-03-26	114.0	115.5	113.6	115.0	83.19	1693300	0.88
FPT	2024-03-27	114.7	115.3	114.1	115.2	83.33	1320200	0.17
FPT	2024-03-28	115.9	117.4	115.3	117.1	84.71	2803200	1.65
FPT	2024-03-29	116.4	117.2	116.0	116.5	84.27	1343500	-0.51
FPT	2024-04-01	116.0	117.6	115.2	116.8	84.49	1974600	0.26
FPT	2024-04-02	115.4	117.0	115.4	117.0	84.63	2285800	0.17
FPT	2024-04-03	116.1	117.0	115.1	115.1	83.26	2549000	-1.62
FPT	2024-04-04	115.0	115.8	114.0	114.0	82.46	2359500	-0.96
FPT	2024-04-05	113.1	114.7	112.6	113.7	82.25	2759000	-0.26
FPT	2024-04-08	113.7	113.7	112.6	112.6	81.45	1952000	-0.97
FPT	2024-04-09	112.6	113.2	112.5	113.0	81.74	1432500	0.36
FPT	2024-04-10	113.5	115.6	113.3	113.8	82.32	1791100	0.71
FPT	2024-04-11	113.5	115.4	113.3	114.9	83.11	1549400	0.97
FPT	2024-04-12	115.9	115.9	114.3	115.5	83.55	1367300	0.52
FPT	2024-04-15	115.5	115.6	111.5	111.6	80.73	3701900	-3.38
FPT	2024-04-16	112.0	113.2	111.5	113.0	81.74	3642700	1.25
FPT	2024-04-17	113.1	113.1	111.6	111.8	80.87	1943300	-1.06
FPT	2024-04-19	110.5	111.2	109.0	109.0	78.85	5361100	-2.5
FPT	2024-04-22	110.0	111.4	108.9	110.3	79.79	2397300	1.19
FPT	2024-04-23	110.9	113.3	109.9	112.3	81.23	4037600	1.81
FPT	2024-04-24	113.6	120.1	113.2	120.1	86.88	10158700	6.95
FPT	2024-04-25	122.5	128.0	121.9	123.2	89.12	5707700	2.58
FPT	2024-04-26	123.0	125.4	122.2	123.2	89.12	3396500	0.0
FPT	2024-05-02	123.8	129.0	123.5	127.3	92.08	3469300	3.33
FPT	2024-05-03	128.1	128.4	125.6	125.9	91.07	3191200	-1.1
FPT	2024-05-06	126.5	127.6	124.5	127.6	92.3	2704600	1.35
FPT	2024-05-07	128.0	131.6	127.2	131.3	94.98	3122800	2.9
FPT	2024-05-08	130.1	131.0	129.3	131.0	94.76	3017800	-0.23
FPT	2024-05-09	130.6	132.8	130.0	130.3	94.25	2203300	-0.53
FPT	2024-05-10	131.3	132.2	129.2	131.0	94.76	3789700	0.54
FPT	2024-05-13	131.3	131.5	128.8	129.7	93.82	1852200	-0.99
FPT	2024-05-14	130.0	131.7	129.6	130.5	94.4	2304600	0.62
FPT	2024-05-15	131.5	134.5	131.3	134.1	97.0	3653100	2.76
FPT	2024-05-16	135.6	137.3	134.2	135.4	97.94	3119000	0.97
FPT	2024-05-17	135.4	136.0	133.7	134.5	97.29	2306400	-0.66
FPT	2024-05-20	135.2	136.1	133.0	133.0	96.21	2013500	-1.12
FPT	2024-05-21	134.0	136.0	133.5	136.0	98.38	3471900	2.26
FPT	2024-05-22	137.9	139.7	136.1	138.0	99.82	4511800	1.47
FPT	2024-05-23	137.5	137.8	135.0	137.5	99.46	3621500	-0.36
FPT	2024-05-24	138.0	138.0	130.6	131.9	95.41	13375600	-4.07
FPT	2024-05-27	133.0	133.5	130.6	132.8	96.06	5157800	0.68
FPT	2024-05-28	134.0	137.0	133.1	137.0	99.1	4625300	3.16
FPT	2024-05-29	137.1	138.2	134.8	135.7	98.16	5837600	-0.95
FPT	2024-05-30	133.8	135.0	131.9	135.0	97.65	7261300	-0.52
FPT	2024-05-31	135.0	136.8	133.8	134.6	97.36	2633500	-0.3
FPT	2024-06-03	135.0	137.6	134.7	136.9	99.03	7773600	1.71
FPT	2024-06-04	139.0	139.3	137.8	139.1	100.62	7009800	1.61
FPT	2024-06-05	140.0	144.9	139.7	140.1	101.34	6321600	0.72
FPT	2024-06-06	140.3	141.7	138.8	139.6	100.98	5211800	-0.36
FPT	2024-06-07	141.0	142.0	140.5	142.0	102.72	3756900	1.72
FPT	2024-06-10	143.5	145.0	143.0	144.0	104.16	3775400	1.41
FPT	2024-06-11	144.3	146.5	143.1	146.5	105.97	6327300	1.74
FPT	2024-06-12	127.9	132.7	127.8	132.0	96.6	11215500	4.33
FPT	2024-06-13	133.7	133.8	130.0	130.0	95.14	8136200	-1.52
FPT	2024-06-14	130.1	132.6	129.0	131.0	95.87	6406200	0.77
FPT	2024-06-17	131.0	131.4	128.5	128.8	94.26	4867600	-1.68
FPT	2024-06-18	128.8	129.7	128.0	128.0	93.68	6680000	-0.62
FPT	2024-06-19	128.0	132.8	126.6	131.5	96.24	9669200	2.73
FPT	2024-06-20	133.0	135.7	131.8	133.3	97.56	10465700	1.37
FPT	2024-06-21	133.9	136.1	133.3	136.1	99.6	7653300	2.1
FPT	2024-06-24	135.0	135.5	132.0	132.1	96.68	13186900	-2.94
FPT	2024-06-25	131.0	131.1	128.6	130.0	95.14	13706800	-1.59
FPT	2024-06-26	131.0	131.8	129.4	131.8	96.46	7147400	1.38
FPT	2024-06-27	131.3	134.1	130.8	132.8	97.19	6403700	0.76
FPT	2024-06-28	132.8	132.8	130.4	130.5	95.51	6633000	-1.73
FPT	2024-07-01	130.4	130.4	128.5	128.6	94.12	6376000	-1.46
FPT	2024-07-02	128.6	132.1	127.5	128.0	93.68	6720600	-0.47
FPT	2024-07-03	130.5	132.8	130.1	131.0	95.87	7634100	2.34
FPT	2024-07-04	132.1	135.8	132.1	135.8	99.39	8117900	3.66
FPT	2024-07-05	136.1	139.7	136.1	138.7	101.51	7789400	2.14
FPT	2024-07-08	138.5	139.6	137.5	139.6	102.17	5865700	0.65
FPT	2024-07-09	139.1	139.3	136.0	137.5	100.63	9676100	-1.5
FPT	2024-07-10	136.0	137.0	134.0	134.0	98.07	6294700	-2.55
FPT	2024-07-11	134.1	135.4	132.5	133.0	97.34	6842100	-0.75
FPT	2024-07-12	132.2	136.0	132.2	133.8	97.92	3553400	0.6
FPT	2024-07-15	133.5	134.8	132.3	132.7	97.12	3067200	-0.82
FPT	2024-07-16	133.6	134.5	132.3	134.0	98.07	4002300	0.98
FPT	2024-07-17	134.0	134.1	129.9	131.9	96.53	6970100	-1.57
FPT	2024-07-18	131.4	131.4	127.8	127.9	93.6	10800200	-3.03
FPT	2024-07-19	128.6	129.3	126.0	126.0	92.21	6551700	-1.49
FPT	2024-07-22	126.0	126.0	123.2	124.1	90.82	6216900	-1.51
FPT	2024-07-23	124.9	127.5	124.8	125.5	91.85	5311600	1.13
FPT	2024-07-24	125.5	126.6	124.0	126.0	92.21	4151700	0.4
FPT	2024-07-25	124.2	125.5	124.1	125.0	91.48	2563400	-0.79
FPT	2024-07-26	125.9	128.0	124.4	128.0	93.68	3951100	2.4
FPT	2024-07-29	130.0	130.6	129.0	129.0	94.41	4859800	0.78
FPT	2024-07-30	129.0	129.5	127.0	128.0	93.68	2373800	-0.78
FPT	2024-07-31	127.3	128.6	126.6	128.6	94.12	2869200	0.47
FPT	2024-08-01	129.6	129.7	124.1	124.8	91.33	6870300	-2.95
FPT	2024-08-02	122.1	124.8	121.0	123.2	90.16	9944700	-1.28
FPT	2024-08-05	121.1	122.9	117.4	118.6	86.8	10415200	-3.73
FPT	2024-08-06	120.0	121.9	119.8	120.8	88.41	6728100	1.85
FPT	2024-08-07	121.0	122.0	120.2	122.0	89.29	2822800	0.99
FPT	2024-08-08	121.6	122.4	120.9	121.4	88.85	2654900	-0.49
FPT	2024-08-09	122.4	126.9	122.0	126.9	92.87	5496400	4.53
FPT	2024-08-12	126.9	130.2	126.2	130.0	95.14	6183500	2.44
FPT	2024-08-13	129.7	130.2	128.0	129.7	94.92	4097900	-0.23
FPT	2024-08-14	130.7	131.5	129.5	129.5	94.77	2862200	-0.15
FPT	2024-08-15	129.1	129.5	128.2	128.7	94.19	2257600	-0.62
FPT	2024-08-16	129.1	131.0	129.1	130.6	95.58	5093600	1.48
FPT	2024-08-19	131.1	131.4	130.0	130.5	95.51	2498400	-0.08
FPT	2024-08-20	130.7	132.5	130.7	131.5	96.24	3741400	0.77
FPT	2024-08-21	130.6	133.8	130.6	133.5	97.7	6119700	1.52
FPT	2024-08-22	134.0	134.5	133.5	133.8	97.92	3020500	0.22
FPT	2024-08-23	133.7	133.7	132.4	133.1	97.41	3055000	-0.52
FPT	2024-08-26	133.3	133.5	131.5	131.5	96.24	2590300	-1.2
FPT	2024-08-27	131.5	132.6	130.4	132.5	96.97	2338500	0.76
FPT	2024-08-28	133.0	134.5	132.9	133.3	97.56	2711500	0.6
FPT	2024-08-29	132.8	133.8	132.2	133.7	97.85	2092700	0.3
FPT	2024-08-30	133.5	134.9	133.0	134.8	98.65	3315800	0.82
FPT	2024-09-04	133.0	133.0	131.5	133.0	97.34	4535200	-1.34
FPT	2024-09-05	133.0	133.0	129.7	130.6	95.58	8055600	-1.8
FPT	2024-09-06	130.5	132.9	130.3	132.1	96.68	3821400	1.15
FPT	2024-09-09	130.8	131.9	130.1	131.3	96.09	2885200	-0.61
FPT	2024-09-10	131.0	131.0	129.6	130.0	95.14	4195100	-0.99
FPT	2024-09-11	130.0	131.3	129.8	130.6	95.58	3190400	0.46
FPT	2024-09-12	131.0	132.5	131.0	132.3	96.82	4118000	1.3
FPT	2024-09-13	132.2	133.4	132.0	133.0	97.34	3186800	0.53
FPT	2024-09-16	131.8	133.0	131.1	131.1	95.95	1915700	-1.43
FPT	2024-09-17	131.2	132.9	131.2	132.9	97.26	2651400	1.37
FPT	2024-09-18	133.4	135.2	132.9	134.6	98.51	5379600	1.28
FPT	2024-09-19	135.0	135.8	134.3	135.2	98.95	5154300	0.45
FPT	2024-09-20	136.3	137.0	135.0	135.3	99.02	3719700	0.07
FPT	2024-09-23	135.9	135.9	133.4	134.0	98.07	2441200	-0.96
FPT	2024-09-24	134.0	134.7	133.7	134.5	98.43	2011400	0.37
FPT	2024-09-25	134.3	134.8	133.6	134.8	98.65	4479900	0.22
FPT	2024-09-26	135.0	135.0	133.9	134.3	98.29	2815600	-0.37
FPT	2024-09-27	134.3	134.4	133.5	134.2	98.21	3352800	-0.07
FPT	2024-09-30	134.2	134.5	133.0	134.5	98.43	3030500	0.22
FPT	2024-10-01	134.7	136.2	134.7	135.9	99.46	4725900	1.04
FPT	2024-10-02	134.6	135.9	134.6	135.4	99.09	1719800	-0.37
FPT	2024-10-03	135.4	136.1	134.0	134.0	98.07	2300800	-1.03
FPT	2024-10-04	134.3	134.8	133.5	134.1	98.14	1468400	0.07
FPT	2024-10-07	134.2	134.9	133.6	134.1	98.14	1330500	0.0
FPT	2024-10-08	134.1	135.1	133.6	133.8	97.92	2108600	-0.22
FPT	2024-10-09	134.3	135.8	134.3	135.4	99.09	2619900	1.2
FPT	2024-10-10	135.8	142.0	135.8	141.7	103.7	9952200	4.65
FPT	2024-10-11	142.0	142.8	139.6	139.6	102.17	3813600	-1.48
FPT	2024-10-14	141.1	141.3	137.1	137.6	100.7	5605300	-1.43
FPT	2024-10-15	137.6	138.6	136.6	137.0	100.26	2860800	-0.44
FPT	2024-10-16	136.4	137.1	136.0	136.3	99.75	2756000	-0.51
FPT	2024-10-17	136.5	137.1	135.5	137.0	100.26	2579200	0.51
FPT	2024-10-18	137.4	137.8	136.6	137.0	100.26	2169400	0.0
FPT	2024-10-21	137.0	137.7	135.5	135.5	99.17	2681300	-1.09
FPT	2024-10-22	135.7	135.7	133.0	133.1	97.41	6009200	-1.77
FPT	2024-10-23	132.9	134.8	132.6	134.2	98.21	3015100	0.83
FPT	2024-10-24	134.2	134.3	133.8	134.3	98.29	2277200	0.07
FPT	2024-10-25	134.3	134.6	133.6	134.0	98.07	1839000	-0.22
FPT	2024-10-28	134.1	135.0	133.6	134.9	98.73	1506000	0.67
FPT	2024-10-29	135.4	135.5	134.8	135.4	99.09	2459200	0.37
FPT	2024-10-30	135.4	135.9	135.2	135.9	99.46	1709800	0.37
FPT	2024-10-31	135.9	136.0	135.3	135.9	99.46	1241700	0.0
FPT	2024-11-01	135.0	135.0	133.6	134.6	98.51	2667500	-0.96
FPT	2024-11-04	134.6	134.6	132.7	132.8	97.19	3182900	-1.34
FPT	2024-11-05	133.0	134.0	132.3	132.6	97.04	1657100	-0.15
FPT	2024-11-06	133.1	134.6	133.0	134.6	98.51	1801500	1.51
FPT	2024-11-07	135.3	137.6	134.2	135.1	98.87	3570500	0.37
FPT	2024-11-08	136.1	136.8	135.1	135.8	99.39	2106300	0.52
FPT	2024-11-11	136.5	139.5	136.0	138.3	101.21	5292000	1.84
FPT	2024-11-12	138.6	138.9	135.9	136.8	100.12	2914700	-1.08
FPT	2024-11-13	136.7	138.1	136.1	137.8	100.85	3455400	0.73
FPT	2024-11-14	137.9	139.9	136.0	136.0	99.53	4736300	-1.31
FPT	2024-11-15	135.3	135.7	132.6	133.9	97.99	6563600	-1.54
FPT	2024-11-18	134.0	134.6	132.5	134.0	98.07	3903400	0.07
FPT	2024-11-19	133.5	133.6	129.9	130.0	95.14	7642800	-2.99
FPT	2024-11-20	130.0	132.4	126.7	132.4	96.9	8460300	1.85
FPT	2024-11-21	132.4	133.0	131.0	133.0	97.34	3176700	0.45
FPT	2024-11-22	132.9	134.4	132.5	133.9	97.99	2915900	0.68
FPT	2024-11-25	134.0	134.0	133.2	133.9	97.99	1849700	0.0
FPT	2024-11-26	133.4	135.9	133.3	135.2	98.95	4176100	0.97
FPT	2024-11-27	135.2	139.7	135.2	138.9	101.65	9814300	2.74
FPT	2024-11-28	139.4	140.0	138.3	139.4	102.02	4742700	0.36
FPT	2024-11-29	139.4	145.4	139.0	144.3	105.61	11586700	3.52
FPT	2024-12-02	144.3	146.0	141.6	142.2	120.51	6616800	-0.77
FPT	2024-12-03	141.7	145.9	141.7	145.0	122.88	5103700	1.97
FPT	2024-12-04	145.0	146.3	142.8	143.5	121.61	5609100	-1.03
FPT	2024-12-05	144.0	148.5	143.6	148.5	125.84	4849200	3.48
FPT	2024-12-06	151.9	151.9	148.0	149.5	126.69	4541200	0.67
FPT	2024-12-09	149.2	149.5	146.1	147.0	124.57	4539000	-1.67
FPT	2024-12-10	147.1	149.5	147.0	149.5	126.69	3597200	1.7
FPT	2024-12-11	150.0	151.7	149.7	150.5	127.54	4816600	0.67
FPT	2024-12-12	151.9	151.9	149.2	150.2	127.29	4147900	-0.2
FPT	2024-12-13	149.5	150.9	149.4	149.5	126.69	3379800	-0.47
FPT	2024-12-16	149.6	150.6	149.5	149.9	127.03	3291100	0.27
FPT	2024-12-17	150.1	150.5	147.7	148.0	125.42	5947500	-1.27
FPT	2024-12-18	148.0	149.8	148.0	148.7	126.01	2923400	0.47
FPT	2024-12-19	147.3	149.0	147.2	148.1	125.51	4805200	-0.4
FPT	2024-12-20	148.5	150.6	148.3	149.5	126.69	3538900	0.95
FPT	2024-12-23	149.5	149.9	148.7	149.8	126.95	2514800	0.2
FPT	2024-12-24	150.0	150.8	149.4	150.4	127.45	2300900	0.4
FPT	2024-12-25	150.6	151.2	150.4	150.8	127.79	2513100	0.27
FPT	2024-12-26	151.0	151.4	149.1	149.8	126.95	2233300	-0.66
FPT	2024-12-27	149.5	149.9	148.7	149.6	126.78	2561700	-0.13
FPT	2024-12-30	149.4	150.8	148.5	150.5	127.54	1982400	0.6
FPT	2024-12-31	150.7	153.9	150.3	152.5	129.23	3603200	1.33
FPT	2025-01-02	152.5	152.7	150.1	152.0	128.81	3172800	-0.33
FPT	2025-01-03	151.3	151.3	149.0	149.0	126.27	4336100	-1.97
FPT	2025-01-06	149.1	150.2	148.4	149.3	126.52	3467100	0.2
FPT	2025-01-07	149.5	151.3	149.5	150.1	127.2	3453300	0.54
FPT	2025-01-08	150.0	150.0	148.1	148.3	125.68	3879900	-1.2
FPT	2025-01-09	148.3	149.2	148.0	148.8	126.1	1714400	0.34
FPT	2025-01-10	148.8	149.1	147.2	147.3	124.83	2524700	-1.01
FPT	2025-01-13	146.1	148.5	144.7	147.6	125.08	3488800	0.2
FPT	2025-01-14	147.6	148.0	145.1	145.1	122.96	2897200	-1.69
FPT	2025-01-15	146.0	146.5	144.8	145.5	123.3	2840900	0.28
FPT	2025-01-16	146.2	147.0	145.2	146.5	124.15	3568000	0.69
FPT	2025-01-17	146.6	150.1	146.0	149.0	126.27	3537000	1.71
FPT	2025-01-20	149.0	150.4	148.2	150.0	127.12	2217700	0.67
FPT	2025-01-21	150.5	151.4	149.0	149.9	127.03	2480300	-0.07
FPT	2025-01-22	149.6	150.6	149.2	149.7	126.86	2785600	-0.13
FPT	2025-01-23	150.1	156.0	150.0	154.3	130.76	7057800	3.07
FPT	2025-01-24	154.1	154.5	153.4	153.4	130.0	3655700	-0.58
FPT	2025-02-04	146.0	147.0	145.3	146.2	123.9	5467700	0.48
FPT	2025-02-05	146.9	147.5	145.8	146.3	123.98	5204100	0.07
FPT	2025-02-06	147.0	147.3	145.6	146.5	124.15	3426600	0.14
FPT	2025-02-07	146.5	146.7	145.8	146.1	123.81	3865900	-0.27
FPT	2025-02-10	145.5	145.5	142.0	142.0	120.34	7749600	-2.81
FPT	2025-02-11	142.2	145.4	140.1	145.4	123.22	5361400	2.39
FPT	2025-02-12	145.6	145.7	144.3	145.0	122.88	1887400	-0.28
FPT	2025-02-13	145.0	145.0	142.7	143.1	121.27	2850800	-1.31
FPT	2025-02-14	144.0	145.0	143.6	144.9	122.79	3251700	1.26
FPT	2025-02-17	145.0	145.0	143.4	143.6	121.69	2466300	-0.9
FPT	2025-02-18	143.8	144.4	143.1	143.9	121.95	1664400	0.21
FPT	2025-02-19	143.9	144.9	143.1	144.0	122.03	3029800	0.07
FPT	2025-02-20	144.2	144.6	143.0	143.0	121.18	3385400	-0.69
FPT	2025-02-21	142.8	142.9	141.5	142.0	120.34	5312600	-0.7
FPT	2025-02-24	142.0	142.0	139.5	140.5	119.07	7497900	-1.06
FPT	2025-02-25	140.4	140.4	138.2	139.0	117.79	6810400	-1.07
FPT	2025-02-26	139.1	141.8	138.9	141.8	120.17	3323400	2.01
FPT	2025-02-27	142.0	142.2	140.7	141.3	119.74	3421700	-0.35
FPT	2025-02-28	140.1	141.1	139.0	140.3	118.9	4694400	-0.71
FPT	2025-03-03	140.5	141.4	140.3	140.5	119.07	2533900	0.14
FPT	2025-03-04	139.5	140.6	139.3	140.0	118.64	3471300	-0.36
FPT	2025-03-05	140.0	140.1	139.1	139.1	117.88	2851100	-0.64
FPT	2025-03-06	139.5	143.5	139.5	141.6	120.0	6417100	1.8
FPT	2025-03-07	141.7	142.7	141.1	141.4	119.83	2954500	-0.14
FPT	2025-03-10	141.5	141.5	139.2	139.3	118.05	5323000	-1.49
FPT	2025-03-11	138.0	138.5	137.0	137.5	116.52	5784400	-1.29
FPT	2025-03-12	137.7	138.7	135.9	135.9	115.17	6185000	-1.16
FPT	2025-03-13	136.1	138.0	136.1	136.5	115.68	3610200	0.44
FPT	2025-03-14	135.6	136.3	130.8	131.4	111.35	16094000	-3.74
FPT	2025-03-17	131.6	132.1	129.6	130.0	110.17	6707000	-1.07
FPT	2025-03-18	130.1	132.2	130.0	130.0	110.17	5508500	0.0
FPT	2025-03-19	130.1	130.6	123.5	124.6	105.59	18128400	-4.15
FPT	2025-03-20	124.6	126.8	124.5	125.0	105.93	8203400	0.32
FPT	2025-03-21	125.0	129.0	125.0	128.0	108.47	6424800	2.4
FPT	2025-03-24	128.5	129.3	127.3	129.0	109.32	5090200	0.78
FPT	2025-03-25	129.8	129.9	126.5	126.5	107.2	5629200	-1.94
FPT	2025-03-26	126.5	126.5	122.7	123.0	104.24	9734600	-2.77
FPT	2025-03-27	122.0	126.5	121.1	126.2	106.95	6464400	2.6
FPT	2025-03-28	126.1	126.4	124.0	124.0	105.08	2944800	-1.74
FPT	2025-03-31	123.4	123.4	121.0	121.0	102.54	5406300	-2.42
FPT	2025-04-01	122.0	122.2	118.8	120.5	102.12	7824300	-0.41
FPT	2025-04-02	121.2	122.3	120.8	122.0	103.39	3920200	1.24
FPT	2025-04-03	114.7	117.6	113.5	113.5	96.18	11484900	-6.97
FPT	2025-04-04	105.6	113.9	105.6	113.0	95.76	21574500	-0.44
FPT	2025-04-08	106.0	108.0	105.1	105.1	89.07	16276400	-6.99
FPT	2025-04-09	97.8	108.0	97.8	105.3	89.24	16893300	0.19
FPT	2025-04-10	112.6	112.6	112.6	112.6	95.42	1005400	6.93
FPT	2025-04-11	117.0	118.5	114.3	118.5	100.42	19224000	5.24
FPT	2025-04-14	120.0	120.0	114.0	118.5	100.42	9217400	0.0
FPT	2025-04-15	116.1	117.0	113.7	116.0	98.3	7762400	-2.11
FPT	2025-04-16	114.5	115.9	107.9	107.9	91.44	18032200	-6.98
FPT	2025-04-17	105.0	111.3	104.9	109.4	92.71	8580100	1.39
FPT	2025-04-18	110.5	115.0	110.5	111.6	94.57	7485500	2.01
FPT	2025-04-21	112.0	112.5	110.0	111.7	94.66	4332300	0.09
FPT	2025-04-22	111.0	111.2	104.0	110.4	93.56	9127300	-1.16
FPT	2025-04-23	111.7	111.7	107.7	110.4	93.56	5710800	0.0
FPT	2025-04-24	111.5	113.7	110.6	112.0	94.91	7740100	1.45
FPT	2025-04-25	112.0	112.4	110.2	112.4	95.25	5384100	0.36
FPT	2025-04-28	112.0	112.4	109.2	109.5	92.79	3853700	-2.58
FPT	2025-04-29	109.6	110.5	109.1	109.4	92.71	2945500	-0.09
FPT	2025-05-05	109.5	109.7	106.9	108.6	92.03	7167600	-0.73
FPT	2025-05-06	108.6	111.0	108.6	109.7	92.96	5686200	1.01
FPT	2025-05-07	109.6	111.2	108.9	109.7	92.96	3926800	0.0
FPT	2025-05-08	110.4	114.6	109.0	114.3	96.86	12644900	4.19
FPT	2025-05-09	114.3	116.4	113.5	116.0	98.3	8496900	1.49
FPT	2025-05-12	117.0	118.7	116.7	118.3	100.25	8715200	1.98
FPT	2025-05-13	120.0	120.3	118.6	119.5	101.27	8565900	1.01
FPT	2025-05-14	120.0	126.3	120.0	126.3	107.03	12080300	5.69
FPT	2025-05-15	126.5	126.9	123.6	125.0	105.93	7806300	-1.03
FPT	2025-05-16	124.5	124.7	120.9	121.0	102.54	8012200	-3.2
FPT	2025-05-19	118.8	120.5	116.6	118.2	100.17	9916700	-2.31
FPT	2025-05-20	116.8	119.3	116.8	119.2	101.01	7911300	0.85
FPT	2025-05-21	120.0	120.0	117.0	118.3	100.25	6024400	-0.76
FPT	2025-05-22	117.1	117.6	115.6	116.8	98.98	6350700	-1.27
FPT	2025-05-23	116.7	117.8	116.0	117.1	99.24	4440500	0.26
FPT	2025-05-26	116.7	117.8	115.0	117.3	99.4	4023400	0.17
FPT	2025-05-27	117.4	119.4	117.4	119.0	100.85	5498200	1.45
FPT	2025-05-28	119.2	119.4	117.5	118.4	100.34	3933600	-0.5
FPT	2025-05-29	119.0	119.0	117.1	117.1	99.24	2933000	-1.1
FPT	2025-05-30	118.0	118.2	116.5	116.5	98.73	4038000	-0.51
FPT	2025-06-02	116.5	117.1	115.6	116.1	98.39	2916400	-0.34
FPT	2025-06-03	116.7	118.0	116.3	117.4	99.49	3398600	1.12
FPT	2025-06-04	118.0	118.2	116.5	117.1	99.24	2873300	-0.26
FPT	2025-06-05	117.1	117.3	116.5	116.8	98.98	2302800	-0.26
FPT	2025-06-06	116.8	116.8	115.0	115.0	97.46	5383000	-1.54
FPT	2025-06-09	115.5	116.9	115.0	116.2	98.47	3054700	1.04
FPT	2025-06-10	117.0	117.4	115.7	115.7	98.05	3359000	-0.43
FPT	2025-06-11	116.1	118.2	116.1	117.9	99.91	5744300	1.9
FPT	2025-06-12	117.6	117.7	116.5	117.0	99.84	4153100	0.09
FPT	2025-06-13	116.0	116.5	114.9	115.4	98.47	6161700	-1.37
FPT	2025-06-16	115.1	119.8	115.0	119.0	101.55	8069100	3.12
FPT	2025-06-17	119.0	119.3	118.2	118.8	101.38	4600300	-0.17
FPT	2025-06-18	118.8	119.5	116.4	117.0	99.84	6556700	-1.52
FPT	2025-06-19	117.0	117.1	115.7	116.0	98.99	5404900	-0.85
FPT	2025-06-20	116.1	116.9	115.8	116.1	99.07	4339400	0.09
FPT	2025-06-23	115.5	116.3	114.5	115.9	98.9	4587300	-0.17
FPT	2025-06-24	116.3	117.0	116.3	116.5	99.41	4271900	0.52
FPT	2025-06-25	117.0	119.4	117.0	117.1	99.92	6000700	0.52
FPT	2025-06-26	118.0	118.3	116.6	117.0	99.84	4132300	-0.09
FPT	2025-06-27	117.0	118.3	116.9	117.3	100.1	5263200	0.26
FPT	2025-06-30	117.9	119.5	117.6	118.2	100.86	6859100	0.77
FPT	2025-07-01	119.0	119.5	118.2	118.8	101.38	4609400	0.51
FPT	2025-07-02	118.5	118.7	117.6	118.6	101.2	3661700	-0.17
FPT	2025-07-03	118.5	119.8	117.8	118.0	100.69	6304300	-0.51
FPT	2025-07-04	118.5	123.4	118.4	122.5	104.53	12825000	3.81
FPT	2025-07-07	123.3	124.7	123.0	123.8	105.64	6382800	1.06
FPT	2025-07-08	124.1	125.7	124.0	124.5	106.24	8064200	0.57
FPT	2025-07-09	124.8	124.9	122.3	122.8	104.79	12198400	-1.37
FPT	2025-07-10	123.8	125.3	123.5	123.9	105.73	5180200	0.9
FPT	2025-07-11	125.0	128.0	124.6	126.6	108.03	10736000	2.18
FPT	2025-07-14	127.2	127.9	125.0	127.1	108.46	5978400	0.39
FPT	2025-07-15	126.6	127.8	126.0	126.0	107.52	5600000	-0.87
FPT	2025-07-16	126.7	127.0	125.1	126.3	107.78	5063000	0.24
FPT	2025-07-17	126.7	129.1	126.0	127.0	108.37	8334200	0.55
FPT	2025-07-18	128.0	128.0	126.0	126.0	107.52	6494600	-0.79
FPT	2025-07-21	112.4	112.4	110.3	110.3	94.93	7563700	0.64
FPT	2025-07-22	110.3	112.2	108.7	112.1	96.48	6889600	1.63
FPT	2025-07-23	112.3	112.8	111.3	111.8	96.22	4795100	-0.27
FPT	2025-07-24	112.0	112.1	110.8	111.1	95.62	6420800	-0.63
FPT	2025-07-25	111.1	111.5	110.5	110.7	95.27	5137000	-0.36
FPT	2025-07-28	110.8	111.6	110.5	111.3	95.79	7611000	0.54
FPT	2025-07-29	111.3	111.6	106.0	106.0	91.23	16059500	-4.76
FPT	2025-07-30	107.0	108.0	105.3	106.1	91.31	7488200	0.09
FPT	2025-07-31	106.1	106.9	103.8	104.0	89.51	8944200	-1.98
FPT	2025-08-01	103.7	107.4	101.5	107.0	92.09	10891500	2.88
FPT	2025-08-04	106.5	106.6	104.8	106.6	91.74	4617800	-0.37
FPT	2025-08-05	107.0	108.7	105.0	105.8	91.06	11395000	-0.75
FPT	2025-08-06	106.0	106.2	104.5	104.9	90.28	11814200	-0.85
FPT	2025-08-07	105.6	107.4	104.9	106.2	91.4	9565800	1.24
FPT	2025-08-08	106.5	107.4	104.8	105.6	90.88	9184800	-0.56
FPT	2025-08-11	105.9	109.5	105.3	106.4	91.57	10278500	0.76
FPT	2025-08-12	107.4	108.2	106.6	107.5	92.52	11011800	1.03
FPT	2025-08-13	107.6	107.8	104.9	105.1	90.45	21845000	-2.23
FPT	2025-08-14	105.8	105.8	103.7	103.8	89.33	17905400	-1.24
FPT	2025-08-15	103.8	104.8	101.3	101.4	87.27	18622300	-2.31
FPT	2025-08-18	101.4	103.0	100.0	100.5	86.49	11392300	-0.89
FPT	2025-08-19	100.6	101.5	100.0	100.3	86.32	9153600	-0.2
FPT	2025-08-20	100.1	100.3	97.5	97.7	84.08	19969500	-2.59
FPT	2025-08-21	97.7	102.9	97.7	101.7	87.53	12624800	4.09
FPT	2025-08-22	101.6	101.6	98.8	99.0	85.2	7212000	-2.65
FPT	2025-08-25	102.0	102.0	98.8	98.8	85.03	6736000	-0.2
FPT	2025-08-26	98.8	100.0	97.9	100.0	86.06	5812500	1.21
FPT	2025-08-27	101.4	105.1	101.2	105.0	90.37	19436400	5.0
FPT	2025-08-28	105.1	105.1	102.8	104.5	89.94	6280200	-0.48
FPT	2025-08-29	105.0	105.0	101.6	101.6	87.44	11090200	-2.78
FPT	2025-09-03	102.0	103.3	100.0	103.2	88.82	9744200	1.57
FPT	2025-09-04	103.3	105.5	103.2	105.0	90.37	11033600	1.74
FPT	2025-09-05	105.2	105.5	103.4	103.4	88.99	8807800	-1.52
FPT	2025-09-08	103.0	103.9	101.9	101.9	87.7	10600300	-1.45
FPT	2025-09-09	102.0	103.0	101.0	102.1	87.87	6460700	0.2
FPT	2025-09-10	102.1	102.9	101.1	101.2	87.1	5498500	-0.88
FPT	2025-09-11	101.2	102.9	100.5	102.0	87.79	7414200	0.79
FPT	2025-09-12	102.0	102.9	101.1	101.6	87.44	7447000	-0.39
FPT	2025-09-15	101.9	103.5	101.5	101.9	87.7	14123100	0.3
FPT	2025-09-16	102.7	104.8	102.0	103.5	89.08	17531600	1.57
FPT	2025-09-17	104.0	107.8	104.0	105.5	90.8	20018000	1.93
FPT	2025-09-18	106.0	106.3	103.0	103.0	88.65	8198400	-2.37
FPT	2025-09-19	103.8	103.8	100.5	103.0	88.65	23514300	0.0
FPT	2025-09-22	102.5	102.7	99.6	99.7	85.81	16280200	-3.2
FPT	2025-09-23	100.0	100.0	97.5	98.0	84.34	18291200	-1.71
FPT	2025-09-24	98.1	99.5	97.4	99.5	85.63	7421100	1.53
FPT	2025-09-25	99.5	99.5	97.9	98.0	84.34	8627700	-1.51
FPT	2025-09-26	98.2	99.3	97.4	97.5	83.91	8080800	-0.51
FPT	2025-09-29	97.8	97.8	95.5	95.5	82.19	10430900	-2.05
FPT	2025-09-30	95.5	95.8	92.8	93.0	80.04	12018800	-2.62
FPT	2025-10-01	93.2	94.5	91.4	93.4	80.38	7405100	0.43
FPT	2025-10-02	92.9	93.4	92.0	92.1	79.27	7933800	-1.39
FPT	2025-10-03	92.2	94.0	92.1	93.4	80.38	7681300	1.41
FPT	2025-10-06	94.3	95.9	93.5	95.5	82.19	6580000	2.25
FPT	2025-10-07	96.0	96.3	95.2	95.5	82.19	5997500	0.0
FPT	2025-10-08	95.5	96.9	94.5	94.5	81.33	5132100	-1.05
FPT	2025-10-09	95.0	95.0	93.5	94.2	81.07	5716300	-0.32
FPT	2025-10-10	94.2	96.5	93.8	96.1	82.71	8587700	2.02
FPT	2025-10-13	94.9	94.9	93.7	94.0	80.9	7915000	-2.19
FPT	2025-10-14	94.1	94.5	92.4	92.4	79.52	12659600	-1.7
FPT	2025-10-15	92.6	93.1	89.5	89.6	77.11	18738600	-3.03
FPT	2025-10-16	89.8	91.5	89.6	89.8	77.29	7928500	0.22
FPT	2025-10-17	90.1	91.5	88.1	88.1	75.82	8374400	-1.89
FPT	2025-10-20	88.3	91.8	87.0	87.0	74.88	14580300	-1.25
FPT	2025-10-21	89.0	93.0	88.5	93.0	80.04	19520200	6.9
FPT	2025-10-22	95.2	99.0	95.0	97.0	83.48	18311100	4.3
FPT	2025-10-23	97.2	97.3	94.0	95.0	81.76	6647600	-2.06
FPT	2025-10-24	95.0	97.7	94.7	97.7	84.08	13759100	2.84
FPT	2025-10-27	99.0	99.7	96.3	98.0	84.34	12897800	0.31
FPT	2025-10-28	98.6	102.2	98.6	102.2	87.96	20912700	4.29
FPT	2025-10-29	102.4	103.2	101.1	101.7	87.53	9302800	-0.49
FPT	2025-10-30	102.1	103.5	101.6	102.7	88.39	9730600	0.98
FPT	2025-10-31	102.6	103.9	101.0	103.9	89.42	14827100	1.17
FPT	2025-11-03	103.8	106.3	103.5	105.0	90.37	20963600	1.06
FPT	2025-11-04	104.1	104.7	101.7	103.3	88.9	10620700	-1.62
FPT	2025-11-05	101.8	102.0	99.6	100.9	86.84	11741500	-2.32
FPT	2025-11-06	100.9	102.0	99.4	100.2	86.24	6751800	-0.69
FPT	2025-11-07	99.5	101.8	99.5	101.0	86.92	5863600	0.8
FPT	2025-11-10	101.2	101.2	96.2	96.2	82.79	10072600	-4.75
FPT	2025-11-11	96.8	97.9	96.1	96.1	82.71	6624200	-0.1
FPT	2025-11-12	96.5	100.6	96.5	100.6	86.58	6635300	4.68
FPT	2025-11-13	100.6	100.7	98.7	98.9	85.12	4757400	-1.69
FPT	2025-11-14	98.9	100.9	98.2	100.0	86.06	4699900	1.11
FPT	2025-11-17	100.6	101.8	100.6	101.0	86.92	5585100	1.0
FPT	2025-11-18	101.0	101.1	98.8	100.0	86.06	6500100	-0.99
FPT	2025-11-19	99.5	99.5	98.0	98.0	84.34	5169300	-2.0
FPT	2025-11-20	98.6	99.7	98.1	99.0	85.2	4593100	1.02
FPT	2025-11-21	98.0	101.2	97.8	100.8	86.75	7936900	1.82
FPT	2025-11-24	100.7	101.1	99.6	100.2	86.24	5061800	-0.6
FPT	2025-11-25	99.7	100.3	99.0	99.7	85.81	4494900	-0.5
FPT	2025-11-26	99.8	100.2	98.9	99.0	85.2	5830900	-0.7
FPT	2025-11-27	99.2	99.8	98.1	99.5	85.63	4780500	0.51
FPT	2025-11-28	99.1	99.4	97.1	97.1	83.57	6210400	-2.41
FPT	2025-12-01	96.9	97.7	96.1	96.6	96.6	3125100	0.52
FPT	2025-12-02	96.8	97.3	95.4	96.6	96.6	5560800	0.0
FPT	2025-12-03	97.0	97.0	96.0	96.6	96.6	6475300	0.0
FPT	2025-12-04	96.6	98.5	96.6	97.5	97.5	7387500	0.93
FPT	2025-12-05	97.5	97.5	96.1	96.2	96.2	5062500	-1.33
FPT	2025-12-08	96.6	97.3	95.5	95.5	95.5	5278600	-0.73
FPT	2025-12-09	95.5	97.0	94.4	96.9	96.9	9961500	1.47
FPT	2025-12-10	97.1	97.1	95.6	95.6	95.6	3894100	-1.34
FPT	2025-12-11	95.9	96.6	95.6	96.0	96.0	5201600	0.42
FPT	2025-12-12	96.0	96.0	93.5	93.7	93.7	5519800	-2.4
FPT	2025-12-15	93.9	94.4	93.5	93.8	93.8	3524800	0.11
FPT	2025-12-16	93.9	95.4	92.0	94.9	94.9	6295300	1.17
FPT	2025-12-17	94.4	96.3	94.4	95.9	95.9	4967800	1.05
FPT	2025-12-18	95.5	95.6	93.9	94.4	94.4	4115500	-1.56
FPT	2025-12-19	94.0	95.0	93.6	93.9	93.9	4492600	-0.53
FPT	2025-12-22	94.1	94.3	93.5	93.7	93.7	6142400	-0.21
FPT	2025-12-23	94.0	95.9	93.6	94.0	94.0	6006900	0.32
FPT	2025-12-24	94.1	94.2	93.1	93.6	93.6	3901500	-0.43
FPT	2025-12-25	93.6	94.8	93.0	93.0	93.0	4565200	-0.64
FPT	2025-12-26	92.7	93.0	91.0	92.5	92.5	6612400	-0.54
FPT	2025-12-29	92.5	94.9	92.5	94.3	94.3	6300900	1.95
FPT	2025-12-30	94.5	96.6	94.3	96.5	96.5	7271200	2.33
FPT	2025-12-31	96.8	97.0	95.2	95.8	95.8	3082600	-0.73
FPT	2026-01-05	95.7	95.7	93.2	95.0	95.0	7029300	-0.84
FPT	2026-01-06	94.7	94.8	93.6	94.0	94.0	5397500	-1.05
FPT	2026-01-07	94.1	97.6	94.0	97.5	97.5	11427400	3.72
FPT	2026-01-08	98.1	98.1	96.5	96.5	96.5	5576200	-1.03
FPT	2026-01-09	96.1	99.9	96.0	97.4	97.4	10048700	0.93
FPT	2026-01-12	98.0	99.5	98.0	99.5	99.5	9076600	2.16
FPT	2026-01-13	99.7	101.7	97.9	98.9	98.9	9411100	-0.6
FPT	2026-01-14	99.0	101.1	97.8	99.8	99.8	11900400	0.91
FPT	2026-01-15	99.8	101.7	98.4	98.5	98.5	7401400	-1.3
FPT	2026-01-16	99.5	105.3	99.5	105.3	105.3	23871100	6.9
FPT	2026-01-19	108.7	108.7	105.5	105.8	105.8	14710500	0.47
FPT	2026-01-20	106.1	107.0	104.0	104.1	104.1	12213100	-1.61
FPT	2026-01-21	103.2	106.5	101.1	105.0	105.0	14517300	0.86
FPT	2026-01-22	105.5	105.8	103.5	103.5	103.5	8095100	-1.43
FPT	2026-01-23	103.6	104.6	101.0	101.0	101.0	9418000	-2.42
FPT	2026-01-26	100.2	101.6	98.0	98.5	98.5	11183100	-2.48
FPT	2026-01-27	99.6	102.5	99.1	102.1	102.1	10585500	3.65
FPT	2026-01-28	102.4	105.8	102.3	104.5	104.5	11949800	2.35
FPT	2026-01-29	105.0	107.2	103.7	106.1	106.1	14247700	1.53
FPT	2026-01-30	106.4	106.4	103.9	104.5	104.5	10833200	-1.51
FPT	2026-02-02	103.3	104.3	101.6	104.3	104.3	9331400	-0.19
FPT	2026-02-03	104.9	105.4	102.9	103.9	103.9	9097000	-0.38
FPT	2026-02-04	103.1	103.5	101.5	101.9	101.9	11639700	-1.92
FPT	2026-02-05	101.2	101.9	99.0	99.0	99.0	18088600	-2.85
FPT	2026-02-06	98.0	100.0	96.7	97.6	97.6	9766800	-1.41
FPT	2026-02-09	98.8	99.4	97.9	99.0	99.0	5108600	1.43
FPT	2026-02-10	99.9	99.9	97.3	97.8	97.8	6113500	-1.21
FPT	2026-02-11	98.2	99.5	97.4	98.6	98.6	5507500	0.82
FPT	2026-02-12	99.0	99.2	98.4	98.8	98.8	4125200	0.2
FPT	2026-02-13	98.1	98.5	96.3	96.3	96.3	18508400	-2.53
FPT	2026-02-23	96.8	96.8	93.1	94.5	94.5	22660400	-1.87
FPT	2026-02-24	94.0	94.0	92.5	92.5	92.5	28539000	-2.12
FPT	2026-02-25	92.2	92.5	89.0	89.1	89.1	47733100	-3.68
FPT	2026-02-26	90.0	92.2	89.9	90.5	90.5	17525500	1.57
FPT	2026-02-27	91.0	93.5	90.3	92.9	92.9	18705600	2.65
FPT	2026-03-02	90.1	91.5	89.3	89.6	89.6	17245400	-3.55
FPT	2026-03-03	90.1	90.9	87.0	87.0	87.0	16504400	-2.9
FPT	2026-03-04	86.9	87.0	84.2	85.1	85.1	23755700	-2.18
FPT	2026-03-05	86.5	86.8	84.4	84.4	84.4	15906800	-0.82
FPT	2026-03-09	76.0	76.7	75.9	75.9	75.9	17633000	-6.99
FPT	2026-03-10	76.4	79.6	76.4	79.5	79.5	21099200	4.74
FPT	2026-03-11	80.0	81.0	78.3	80.2	80.2	10652800	0.88
FPT	2026-03-12	78.8	79.2	77.5	77.7	77.7	12722400	-3.12
FPT	2026-03-13	77.1	78.5	76.3	77.0	77.0	9026000	-0.9
FPT	2026-03-16	77.1	79.3	77.1	78.2	78.2	8662000	1.56
FPT	2026-03-17	79.4	81.3	79.1	79.4	79.4	9218800	1.53
FPT	2026-03-18	80.0	80.2	78.1	78.6	78.6	6352700	-1.01
FPT	2026-03-19	77.7	77.8	76.6	76.8	76.8	11602900	-2.29
FPT	2026-03-20	76.5	76.5	73.6	74.6	74.6	21423700	-2.86
FPT	2026-03-23	73.7	76.1	71.6	73.1	73.1	13156200	-2.01
FPT	2026-03-24	75.5	75.9	74.1	75.4	75.4	5189700	3.15
FPT	2026-03-25	76.2	77.0	75.6	77.0	77.0	7429300	2.12
FPT	2026-03-26	77.0	77.0	74.2	74.2	74.2	9743400	-3.64
FPT	2026-03-27	74.5	76.3	74.0	76.1	76.1	9080300	2.56
FPT	2026-03-30	74.4	75.2	73.5	74.0	74.0	7814800	-2.76
FPT	2026-03-31	74.9	75.5	74.4	74.7	74.7	5639200	0.95
FPT	2026-04-01	75.9	76.3	75.0	75.3	75.3	8534000	0.8
FPT	2026-04-02	75.2	75.2	74.2	74.7	74.7	5224400	-0.8
FPT	2026-04-03	74.7	75.5	73.9	74.0	74.0	6333100	-0.94
FPT	2026-04-06	74.0	74.5	73.5	73.9	73.9	4593000	-0.14
FPT	2026-04-07	74.5	74.5	73.8	74.0	74.0	4713000	0.14
FPT	2026-04-08	76.0	79.1	75.1	79.1	79.1	14610000	6.89
FPT	2026-04-09	79.1	79.2	78.1	78.3	78.3	6272100	-1.01
FPT	2026-04-10	78.6	79.0	77.3	77.7	77.7	6099800	-0.77
FPT	2026-04-13	76.9	77.0	75.9	76.0	76.0	9559100	-2.19
FPT	2026-04-14	77.0	77.2	76.0	76.2	76.2	7092500	0.26
FPT	2026-04-15	76.9	77.0	75.0	75.1	75.1	10047800	-1.44
FPT	2026-04-16	75.6	75.6	74.0	74.1	74.1	11316400	-1.33
FPT	2026-04-17	75.0	78.0	74.9	76.0	76.0	12349600	2.56
FPT	2026-04-20	76.3	77.0	76.1	76.9	76.9	6876800	1.18
FPT	2026-04-21	77.0	77.4	75.1	75.1	75.1	7119000	-2.34
FPT	2026-04-22	75.5	75.5	74.1	74.6	74.6	8145000	-0.67
FPT	2026-04-23	75.0	76.0	74.1	74.3	74.3	7968500	-0.4
FPT	2026-04-24	74.0	74.1	73.2	73.4	73.4	10459800	-1.21
FPT	2026-04-28	73.4	74.4	72.9	74.4	74.4	9503800	1.36
FPT	2026-04-29	73.4	75.5	73.4	75.5	75.5	9163000	1.48
FPT	2026-05-04	74.9	75.1	73.6	73.7	73.7	8285900	-2.38
FPT	2026-05-05	73.7	74.5	72.8	74.3	74.3	6841400	0.81
FPT	2026-05-06	74.2	74.2	73.0	73.3	73.3	9455600	-1.35
FPT	2026-05-07	73.9	74.3	73.0	73.0	73.0	10186100	-0.41
FPT	2026-05-08	73.2	73.3	71.9	71.9	71.9	13444300	-1.51
FPT	2026-05-11	71.7	71.7	70.0	70.0	70.0	16909100	-2.64
FPT	2026-05-12	70.1	71.5	70.0	70.6	70.6	8533300	0.86
FPT	2026-05-13	70.6	71.5	70.0	70.7	70.7	11517600	0.14
FPT	2026-05-14	71.1	75.3	71.0	73.9	73.9	21565500	4.53
FPT	2026-05-15	74.2	74.2	72.7	72.9	72.9	6386100	-1.35
FPT	2026-05-18	72.9	75.3	72.0	74.9	74.9	18323700	2.74
FPT	2026-05-19	75.0	75.8	74.3	74.5	74.5	11279900	-0.53
FPT	2026-05-20	74.8	78.5	72.8	77.7	77.7	25976600	4.3
FPT	2026-05-21	77.7	77.9	75.7	76.5	76.5	11809100	-1.54
FPT	2026-05-22	76.8	77.6	75.1	75.1	75.1	11668800	-1.83
FPT	2026-05-25	74.6	75.6	73.5	73.5	73.5	10441000	-2.13
FPT	2026-05-26	73.6	74.6	73.6	74.5	74.5	5104800	1.36
FPT	2026-05-27	74.5	75.3	73.1	73.6	73.6	9176300	-1.21
FPT	2026-05-28	72.8	73.1	71.2	71.2	71.2	10646900	-1.93
FPT	2026-05-29	71.2	72.5	70.8	71.6	71.6	5446700	0.56
FPT	2026-06-01	72.2	73.4	72.1	72.9	72.9	5972700	1.82
FPT	2026-06-02	73.0	75.6	73.0	74.8	74.8	17368000	2.61
FPT	2026-06-03	75.1	77.7	75.0	76.5	76.5	25278600	2.27
FPT	2026-06-04	76.7	77.2	75.8	76.1	76.1	11304700	-0.52
FPT	2026-06-05	76.0	76.0	74.3	75.0	75.0	11218100	-1.45
FPT	2026-06-08	73.7	74.5	72.8	72.9	72.9	10914200	-2.8
FPT	2026-06-09	73.4	74.2	72.6	73.7	73.7	7772300	1.1
FPT	2026-06-10	73.5	74.5	73.5	74.2	74.2	4736000	0.68
FPT	2026-06-11	73.9	73.9	73.1	73.1	73.1	3507300	-1.48
FPT	2026-06-12	73.6	74.3	73.5	73.5	73.5	5688200	0.55
FPT	2026-06-15	74.4	75.2	73.5	73.6	73.6	6422700	0.14
FPT	2026-06-16	73.7	74.2	73.1	73.2	73.2	5819800	-0.54
FPT	2026-06-17	73.3	73.4	72.2	72.3	72.3	10652200	-1.23
FPT	2026-06-18	72.3	72.3	71.5	71.6	71.6	13665800	-0.97
FPT	2026-06-19	71.6	71.8	70.8	71.5	71.5	14295100	-0.14
FPT	2026-06-22	71.5	71.7	70.3	70.6	70.6	9260100	-1.26
FPT	2026-06-23	70.9	71.8	70.7	70.8	70.8	5737500	0.28
FPT	2026-06-24	71.0	71.2	70.1	70.8	70.8	5968500	0.0
FPT	2026-06-25	71.0	71.7	70.8	71.0	71.0	6592100	0.28
FPT	2026-06-26	71.3	71.3	70.3	70.8	70.8	4333200	-0.28
FPT	2026-06-29	70.7	70.8	70.2	70.4	70.4	4618200	-0.56
FPT	2026-06-30	70.5	70.8	70.2	70.2	70.2	6075800	-0.28
FPT	2026-07-01	70.4	73.2	70.3	72.9	72.9	11630500	3.85
FPT	2026-07-02	72.9	73.3	72.5	72.5	72.5	5690500	-0.55
FPT	2026-07-03	72.5	73.1	71.7	72.3	72.3	7490500	-0.28
FPT	2026-07-06	72.4	74.0	71.9	73.0	73.0	11200200	0.97
FPT	2026-07-07	73.0	73.7	72.5	73.2	73.2	4557200	0.27
FPT	2026-07-08	72.4	72.8	71.5	72.1	72.1	6741600	-1.5
FPT	2026-07-09	71.8	73.0	71.7	72.1	72.1	4441900	0.0
FPT	2026-07-10	72.0	72.3	70.6	70.6	70.6	7937300	-2.08
FPT	2026-07-13	70.3	71.3	70.2	70.5	70.5	7738400	-0.14
FPT	2026-07-14	70.3	70.9	70.0	70.3	70.3	6626800	-0.28
FPT	2026-07-15	70.4	70.4	66.8	66.8	66.8	21271900	-4.98
FPT	2026-07-16	66.7	68.0	64.7	68.0	68.0	13030600	1.8
FPT	2026-07-17	68.3	68.4	67.0	67.0	67.0	3987800	-1.47
FPT	2026-07-20	66.9	67.7	66.1	67.1	67.1	7346800	0.15
FPT	2026-07-21	66.5	67.9	64.8	64.8	64.8	7540400	-3.43
FPT	2026-07-22	65.0	67.5	64.6	64.6	64.6	10060700	-0.31
FPT	2026-07-23	65.0	65.7	64.2	64.7	64.7	6287300	0.15
FPT	2026-07-24	64.3	64.5	62.8	62.9	62.9	5804800	-2.78
FPT	2026-07-27	63.1	63.7	62.2	62.2	62.2	4449500	-1.11
FPT	2026-07-28	61.9	63.7	61.5	63.0	63.0	5399400	1.29
FPT	2026-07-29	63.0	65.3	62.5	65.1	65.1	6114000	3.33
FPT	2026-07-30	65.2	67.2	64.8	67.0	67.0	7571500	2.92
FPT	2026-07-31	67.2	67.9	66.5	67.1	67.1	6253600	0.15
FPT	2026-08-03	67.4	71.7	67.3	71.7	71.7	16279100	6.86
FPT	2026-08-04	72.4	73.3	71.3	71.5	71.5	6584300	-0.28
FPT	2026-08-05	72.2	72.2	70.2	70.3	70.3	6877600	-1.68
FPT	2026-08-06	70.4	71.4	70.4	70.7	70.7	4629700	0.57
FPT	2026-08-07	71.1	71.7	70.3	70.8	70.8	4301800	0.14
FPT	2026-08-10	70.9	72.0	70.7	71.8	71.8	5252100	1.41
FPT	2026-08-11	71.6	73.1	71.0	71.2	71.2	6936800	-0.84
FPT	2026-08-12	71.2	71.9	70.6	70.8	70.8	3685600	-0.56
FPT	2026-08-13	71.0	71.3	69.2	69.2	69.2	7458000	-2.26
FPT	2026-08-14	69.3	69.6	68.0	68.3	68.3	7123800	-1.3
FPT	2026-08-17	68.4	69.4	68.4	68.8	68.8	4104500	0.73
FPT	2026-08-18	68.8	69.3	68.2	69.0	69.0	3383800	0.29
FPT	2026-08-19	69.0	69.2	68.6	68.9	68.9	1821000	-0.14
FPT	2026-08-20	69.1	70.3	69.1	69.8	69.8	4468100	1.31
FPT	2026-08-21	69.9	72.0	69.5	72.0	72.0	7035800	3.15
FPT	2026-08-24	72.5	72.7	71.4	71.4	71.4	4611900	-0.83
FPT	2026-08-25	71.4	72.0	70.7	70.7	70.7	4690000	-0.98
FPT	2026-08-26	70.7	72.9	70.7	72.6	72.6	10161300	2.69
FPT	2026-08-27	72.6	72.7	72.2	72.2	72.2	3542900	-0.55
FPT	2026-08-28	72.2	74.0	72.2	73.2	73.2	10196800	1.39
FPT	2026-09-03	73.0	73.0	72.0	72.2	72.2	4098200	-1.37
FPT	2026-09-04	72.5	73.0	72.4	72.8	72.8	3549500	0.83
FPT	2026-09-07	73.0	73.8	72.2	72.4	72.4	7020200	-0.55
FPT	2026-09-08	72.4	72.5	72.0	72.2	72.2	4273000	-0.28
FPT	2026-09-09	72.3	73.0	72.1	72.4	72.4	3680300	0.28
FPT	2026-09-10	72.3	74.8	72.2	74.5	74.5	11936600	2.9
FPT	2026-09-11	74.4	74.4	72.7	72.7	72.7	5655200	-2.42
FPT	2026-09-14	72.8	73.6	72.0	72.4	72.4	4860300	-0.41
FPT	2026-09-15	72.7	73.4	72.5	72.7	72.7	3977500	0.41
FPT	2026-09-16	72.8	73.8	71.5	73.8	73.8	7748100	1.51
FPT	2026-09-17	73.3	74.3	72.6	74.3	74.3	6626700	0.68
FPT	2026-09-18	74.5	74.8	71.7	71.7	65.18	15500700	-3.5
FPT	2026-09-21	66.5	66.8	65.0	66.4	66.4	8401600	1.84
FPT	2026-09-22	66.6	67.0	66.2	66.6	66.6	4905000	0.3
FPT	2026-09-23	66.6	67.0	66.1	66.1	66.1	3557500	-0.75
FPT	2026-09-24	66.0	66.2	65.1	65.3	65.3	4350900	-1.21
FPT	2026-09-25	65.5	65.9	64.6	64.7	64.7	3543900	-0.92
FPT	2026-09-28	64.7	64.8	63.0	63.7	63.7	5148700	-1.55
FPT	2026-09-29	63.7	64.1	63.1	63.2	63.2	3118000	-0.78
FPT	2026-09-30	63.4	64.0	63.0	63.0	63.0	3041400	-0.32
FPT	2026-10-01	63.0	63.1	62.6	62.7	62.7	3413000	-0.48
FPT	2026-10-02	62.7	63.2	62.1	62.1	62.1	3199600	-0.96
FPT	2026-10-05	62.2	62.8	61.9	61.9	61.9	2513400	-0.32
FPT	2026-10-06	62.0	62.2	60.0	60.4	60.4	8214700	-2.42
FPT	2026-10-07	60.4	61.3	59.7	59.7	59.7	5438300	-1.16
FPT	2026-10-08	59.5	61.5	58.9	59.7	59.7	6574800	0.0
FPT	2026-10-09	59.7	60.0	57.5	57.9	57.9	10851700	-3.02
